–ù–∞–∑–≤–∞–Ω–∏–µ,–ö–∞—Ä—Ç–∏–Ω–∫–∞,–û–ø–∏—Å–∞–Ω–∏–µ,–ö–æ–ª–∏—á–µ—Å—Ç–≤–æ –ø—Ä–æ—Å–º–æ—Ç—Ä–æ–≤,–¶–µ–Ω–∞ –≤ –¥–æ–ª–ª–∞—Ä–∞—Ö,–¶–µ–Ω–∞ –≤ —Å–æ–º–∞—Ö
–ü—Ä–æ–¥–∞–∂–∞ Toyota Camry VI (XV40) –†–µ—Å—Ç–∞–π–ª–∏–Ω–≥ 2.5 ,https://im.mashina.kg/tachka/images//5/2/b/52b29661619e962016ba0f370ff64f09_640x480.jpg,"–°—Ä–æ—á–Ω–æ –ø—Ä–æ–¥–∞—é, —Ç–æ–ª—å–∫–æ –Ω–∞–ª–∏—á–∫–∞ !!! –í—Å–µ –≤–æ–ø—Ä–æ—Å—ã —Å—Ç—Ä–æ–≥–æ –ø–æ –Ω–æ–º–µ—Ä—É; 0500485555",867,$ 11 700,1 047 618 —Å–æ–º
–ü—Ä–æ–¥–∞–∂–∞ Toyota Camry VI (XV40) –†–µ—Å—Ç–∞–π–ª–∏–Ω–≥ 3.5 ,https://im.mashina.kg/tachka/images//0/d/5/0d5c7d93153d112f69daf40a5337fafc_640x480.jpg,–ú–∞—à–∏–Ω–∞ –∏–¥–µ–∞–ª!!!! –ü–æ–ª–Ω–∞—è –∫–æ–º–ø–ª–µ–∫—Ç–∞—Ü–∏—è XLE!!! –°–µ–ª –∏ –ø–æ–µ—Ö–∞–ª! –í –æ–¥–Ω–æ–π —Å–µ–º—å–µ! –ï–≤—Ä–æ–ø–µ–µ—Ü! –ü–µ—Ä–µ–∫—É–ø–∞–º –º–∏–º–æ —Ç–æ–ª—å–∫–æ —Ä–µ–∞–ª—å–Ω–æ–º—É –∫–ª–∏–µ–Ω—Ç—É –∫—Ç–æ —Ö–æ—á–µ—Ç —Ä–µ–∞–ª—å–Ω–æ —Ö–æ—Ä–æ—à—É—é –º–∞—à–∏–Ω—É!!! ,3584,$ 15 500,1 387 870 —Å–æ–º
–ü—Ä–æ–¥–∞–∂–∞ Toyota Camry VI (XV40) –†–µ—Å—Ç–∞–π–ª–∏–Ω–≥ 2.4 ,https://im.mashina.kg/tachka/images//5/4/b/54b3e64b8b70bd3a9be1b9eff87316d1_640x480.jpg,–û–ø–∏—Å–∞–Ω–∏–µ –æ—Ç—Å—É—Ç—Å—Ç–≤—É–µ—Ç,208,$ 15 000,1 343 100 —Å–æ–º
–ü—Ä–æ–¥–∞–∂–∞ Toyota Camry VI (XV40) –†–µ—Å—Ç–∞–π–ª–∏–Ω–≥ 2.5 ,https://im.mashina.kg/tachka/images//3/a/0/3a0a709153d8929e2f2eed86e675b649_640x480.jpg,"–°—Ä–æ—á–Ω–æ –ø—Ä–æ–¥–∞—ë—Ç—Å—è –∏–ª–∏ 
–û–±–º–µ–Ω –Ω–∞ –ö5, –•—é–Ω–¥–∞–π –°–æ–Ω–∞—Ç–∞,
–õ–µ–∫—Å—É—Å RX 330",68,$ 12 500,1 119 250 —Å–æ–º
–ü—Ä–æ–¥–∞–∂–∞ Toyota Camry VI (XV40) –†–µ—Å—Ç–∞–π–ª–∏–Ω–≥ 2.5 ,https://im.mashina.kg/tachka/images//d/a/e/daea94b6540e22d384e3b091caf21740_640x480.jpg,"–ü—Ä–æ–¥–∞—é: Toyota Camry 45
–ö–∞—Ä–µ–µ—Ü
–ì–æ–¥ –≤—ã–ø—É—Å–∫–∞ 2010.11
–°–æ—Å—Ç–æ—è–Ω–∏–µ –∏–¥–µ–∞–ª—å–Ω–æ–µ 
–û–¥–Ω–∞ –∏–∑ –ª—É—á—à–∏—Ö –≤ –≥–æ—Ä–æ–¥–µ 
–û–±—ä—ë–º 2.5
–¢–æ–ø–ª–∏–≤–æ –±–µ–Ω–∑–∏–Ω 
–¶–≤–µ—Ç —Å–µ—Ä—ã–π 
–ö–æ–º–ø–ª–µ–∫—Ç–∞—Ü–∏—è –ø–æ–ª–Ω–∞—è XLE
–°–≤–µ—Ç–ª—ã–π –∫–æ–∂–∞–Ω—ã–π —Å–∞–ª–æ–Ω 
–≠–ª —Å–∏–¥–µ–Ω—å—è —Å –ø–æ–¥–æ–≥—Ä–µ–≤–æ–º 
–ú–æ–Ω–∏—Ç–æ—Ä —Ä–æ–¥–Ω–æ–π
–§–∞—Ä—ã –∫—Å–µ–Ω–æ–Ω 
–ü–∞—Ä—Ç—Ä–æ–Ω–∏–∫–∏ –ø–µ—Ä–µ–¥–Ω–∏–π –∏ –∑–∞–¥–Ω–∏–π 
–ú—É–ª—å—Ç–∏ —Ä—É–ª—å 
–ö–ª–∏–º–∞—Ç –∫–æ–Ω—Ç—Ä–æ–ª—å 
–û–±–æ–≥—Ä–µ–≤ –∑–µ—Ä–∫–∞–ª 
–û—Ä–∏–≥–∏–Ω–∞–ª—å–Ω—ã–µ –ª–∏—Ç—ã–µ –¥–∏—Å–∫–∏ r16
–ù–∞ –Ω–æ–≤–æ–π —Ä–µ–∑–∏–Ω–µ
–ë–µ—Ä–µ–∂–Ω–∞—è —ç–∫—Å–ø–ª—É–∞—Ç–∞—Ü–∏—è 
–ò—Å–∫–ª—é—á–∏—Ç–µ–ª—å–Ω–æ–º —Å–æ—Å—Ç–æ—è–Ω–∏–∏ 
–ú–∞—à–∏–Ω–∞ –≤—Å—è –≤ —Ä–æ–¥–Ω–æ–º –æ–∫—Ä–∞—Å–µ 
–í—Å–µ —Å—Ç—ë–∫–ª–∞ —Ä–æ–¥–Ω—ã–µ –≤–ø–ª–æ—Ç—å –¥–æ –ª–æ–±–æ–≤–æ–≥–æ 
–Æ—Ä —á–∏—Å—Ç–∞—è 
–ú–∏–Ω–∏ —Ç–æ—Ä–≥ —É –∫–∞–ø–æ—Ç–∞ ",2438,$ 16 800,1 504 272 —Å–æ–º
–ü—Ä–æ–¥–∞–∂–∞ Toyota Camry VI (XV40) –†–µ—Å—Ç–∞–π–ª–∏–Ω–≥ 2.4 ,https://im.mashina.kg/tachka/images//e/e/5/ee5e230c5ae501ff4efed8a116bd7cb8_640x480.jpg,"–ú–∞—à–∏–Ω–∞ —Å –ö–æ—Ä–µ–µ —è–ø–æ–Ω—Å–∫–∞—è —Å–±–æ—Ä–∫–∞, —Ü–≤–µ—Ç –±–µ–ª—ã–π –∂–µ–º—á—É–≥, –≤ –æ—Ç–ª–∏—á–Ω–æ–º —Å–æ—Å—Ç–æ—è–Ω–∏–∏, –≤–ª–æ–∂–µ–Ω–∏–π –Ω–µ —Ç—Ä–µ–±—É–µ—Ç, —Ç–∞—á–∫–∞ –æ—á–µ–Ω—å –º—è–≥–∫–∞—è, –¥–ª—è —Ç–µ—Ö –∫—Ç–æ –∏—â–µ—Ç –¥–ª—è —Å–µ–±—è",63,$ 15 500,1 387 870 —Å–æ–º
–ü—Ä–æ–¥–∞–∂–∞ Toyota Camry VI (XV40) –†–µ—Å—Ç–∞–π–ª–∏–Ω–≥ 2.5 ,https://im.mashina.kg/tachka/images//3/f/0/3f02e6b8a35021f1ff300b47628f424c_640x480.jpg,–û–ø–∏—Å–∞–Ω–∏–µ –æ—Ç—Å—É—Ç—Å—Ç–≤—É–µ—Ç,287,$ 12 500,1 119 250 —Å–æ–º
–ü—Ä–æ–¥–∞–∂–∞ Toyota Camry VI (XV40) –†–µ—Å—Ç–∞–π–ª–∏–Ω–≥ 2.5 ,https://im.mashina.kg/tachka/images//7/3/b/73b1a0ba15151aab13fad3985c9ef3c7_640x480.jpg,–û–ø–∏—Å–∞–Ω–∏–µ –æ—Ç—Å—É—Ç—Å—Ç–≤—É–µ—Ç,266,$ 13 800,1 235 652 —Å–æ–º
–ü—Ä–æ–¥–∞–∂–∞ Toyota Camry VI (XV40) –†–µ—Å—Ç–∞–π–ª–∏–Ω–≥ 2.5 ,https://im.mashina.kg/tachka/images//3/6/5/365a472a68ea1b207043f4fb7b8c1ca2_640x480.jpg,–û–ø–∏—Å–∞–Ω–∏–µ –æ—Ç—Å—É—Ç—Å—Ç–≤—É–µ—Ç,459,$ 12 500,1 119 250 —Å–æ–º
–ü—Ä–æ–¥–∞–∂–∞ Toyota Camry VI (XV40) –†–µ—Å—Ç–∞–π–ª–∏–Ω–≥ 2.5 ,https://im.mashina.kg/tachka/images//6/2/a/62a33e656e4a5c47a412a087571b6353_640x480.jpg,"–ü—Ä–æ–¥–∞—é –¢–æ–π–æ—Ç—É –ö–∞–º—Ä–∏
–æ–±—ä–µ–º 2.5
–ö–ü–ü –∞–≤—Ç–æ–º–∞—Ç
–≤ –æ–¥–Ω–∏—Ö —Ä—É–∫–∞—Ö —Å –º–æ–º–µ–Ω—Ç–∞ –ø–µ—Ä–µ–≥–æ–Ω–∞ 
–º–∞—à–∏–Ω–∞ —Å –ï–≤—Ä–æ–ø—ã
–ø—Ä–∏–≥–Ω–∞–Ω–∞ —Å –ø—Ä–æ–±–µ–≥–æ–º 45000 –º–∏–ª—å
–≤—Å–µ —Ä–∞–±–æ—Ç–∞–µ—Ç –∫–∞–∫ –Ω–∞–¥–æ
–º–∞—à–∏–Ω–∞ –¥–ª—è —Ç–µ—Ö –∫—Ç–æ –∏—â–µ—Ç –¥–ª—è —Å–µ–±—è!
–û–ë–ú–ï–ù–ê –ò –†–ê–°–°–†–û–ß–ö–ò –ù–ï–¢!",3186,$ 12 500,1 119 250 —Å–æ–º
–ü—Ä–æ–¥–∞–∂–∞ Toyota Camry VI (XV40) –†–µ—Å—Ç–∞–π–ª–∏–Ω–≥ 2.5 ,https://im.mashina.kg/tachka/images//e/7/0/e70d338a40f0205e32da21922084d788_640x480.jpg,–ü—Ä–æ–¥–∞—é –¢–æ–π–æ—Ç–∞ –ö–∞–º—Ä–∏ XLE! 2.5 –æ–±—ä—ë–º 2010 –≥–æ–¥–∞!,108,$ 11 200,1 002 848 —Å–æ–º
–ü—Ä–æ–¥–∞–∂–∞ Toyota Camry VI (XV40) –†–µ—Å—Ç–∞–π–ª–∏–Ω–≥ 2.5 ,https://im.mashina.kg/tachka/images//0/d/a/0da16e36f4b158f873e6a12907ba180c_640x480.jpg,"–ü—Ä–æ–¥–∞—é –¢–æ–π–æ—Ç–∞ –ö–∞–º—Ä–∏ 45 –ö–æ—Ä–µ–µ—Ü üá∞üá∑
–¶–≤–µ—Ç –∫—É–∑–æ–≤–∞: –°–µ—Ä–µ–±—Ä–∏—Å—Ç—ã–π 
–ì–æ–¥: 2011
–û–±—ä–µ–º: 2.5
–ö–æ—Ä–æ–±–∫–∞: –ê–≤—Ç–æ–º–∞—Ç (6 —Å—Ç—É–ø–∫–∞)
–ö–æ–º–ø–ª–µ–∫—Ç–∞—Ü–∏—è: XLE ( –ø–æ–ª–Ω—ã–π )
–°–∞–ª–æ–Ω: –°–µ—Ä–∞—è –∫–æ–∂–∞
–°–æ—Å—Ç–æ—è–Ω–∏–µ: –û—Ç–ª
–ü—Ä–æ–±–µ–≥: 179700 –æ—Ä–∏–≥–∏–Ω–∞–ª 
–û–ø—Ü–∏–∏: –ø–æ–ª–Ω—ã–π —ç–ª–µ–∫—Ç—Ä–æ–ø–∞–∫–µ—Ç, –ø–æ–¥–æ–≥—Ä–µ–≤ –ø–µ—Ä–µ–¥–Ω–∏—Ö —Å–∏–¥–µ–Ω–∏–π, –∫—Ä—É–∏–∑ –∫–æ–Ω—Ç—Ä–æ–ª—å, –¥–≤—É—Ö–∑–æ–Ω–Ω—ã–π –∫–ª–∏–º–∞—Ç-–∫–æ–Ω—Ç—Ä–æ–ª—å, –∫–∞–º–µ—Ä–∞ –∑–∞–¥–Ω–µ–≥–æ –≤–∏–¥–∞, –ª—é–∫, –ø–∞—Ä–∫—Ç—Ä–æ–Ω–∏–∫–∏, —Å–∫–ª–∞–¥—ã–≤–∞—é—â–∏–µ—Å—è –∑–µ—Ä–∫–∞–ª–æ, —à—Ç–æ—Ä–∫–∞. –í—Å–µ —Ä–∞–±–æ—Ç–∞–µ—Ç! 
–î–æ–ø–æ–ª–Ω–∏—Ç–µ–ª—å–Ω–æ: –£—Ö–æ–∂–µ–Ω–Ω–∞—è –≥–æ—Ä–æ–¥—Å–∫–∞—è –º–∞—à–∏–Ω–∞, –≤–æ –≤—Ä–µ–º—è –æ–±—Å–ª—É–∂–∏–≤–∞–ª, 80% —Ä–æ–¥–Ω–∞—è –∫—Ä–∞—Å–∫–∞, –∑–∞–≤–æ–¥—Å–∫–∏–µ –ø–ª–µ–Ω–∫–∏ (–ø—Ä–∏–∫—Ä–µ–ø–ª–µ–Ω–æ —Ñ–æ—Ç–æ), –≤—Å–µ —Å—Ç–µ–∫–ª–∞ —Ä–æ–¥–Ω—ã–µ –∑–∞–≤–æ–¥—Å–∫–∏–µ –º–∞—Ä–∫–∏—Ä–æ–≤–∫–∏ TOYOTA, –±–µ–∑ —Ç—Ä–µ—â–∏–Ω, —Å–æ—Å—Ç–æ—è–Ω–∏–µ —Å–∞–ª–æ–Ω–∞, —Ä—É–ª—è –Ω–µ –ø–æ—Ç–µ—Ä—Ç—ã–π –Ω–µ –ø–µ—Ä–µ—à–∏—Ç—ã–π –Ω–µ –ø—Ä–æ—Å–∏–∂–µ–Ω–Ω—ã–π, –∫–∞—Ç–∞–ª–∏–∑–∞—Ç–æ—Ä –Ω–∞ –º–µ—Å—Ç–µ, –ø–µ—á–∫–∞-–∫–æ–Ω–¥–∏—Ü–∏–æ–Ω–µ—Ä —Ä–∞–±–æ—Ç–∞–µ—Ç, –≤—Å–µ –∑–∞–∑–æ—Ä—ã —Ä–æ–≤–Ω—ã–µ, –¥–≤–∏–≥–∞—Ç–µ–ª—å –≥—Ä–∞–º–º –º–∞—Å–ª–æ –Ω–µ –∫—É—à–∞–µ—Ç –æ—Ç –∑–∞–º–µ–Ω—ã –¥–æ –∑–∞–º–µ–Ω—ã –Ω–µ –≥–¥–µ –Ω–µ –ø–æ—Ç–µ–µ—Ç, –Ω–µ –∫–∞–ø–∞–µ—Ç, –Ω–µ —Ç—Ä–æ–∏—Ç, –Ω–µ –¥—ã–º–∏—Ç, —Ç—è–Ω–µ—Ç –∫–∞–∫ –Ω–∞–¥–æ, –∞–∫–ø–ø –ø–µ—Ä–µ–∫–ª—é—á–∞–µ—Ç –∫–∞–∫ –ø–æ–ª–æ–∂–µ–Ω–æ, –≤—Å–µ –∂–∏–¥–∫–æ—Å—Ç–∏ –∑–∞–º–µ–Ω–µ–Ω—ã, –ø–æ–¥ –∫–∞–ø–æ—Ç–æ–º –≤—Å–µ —Å—É—Ö–æ, —Ä–∞—Å—Ö–æ–¥ —Ç–æ–ø–ª–∏–≤–∞ –ø–æ –≥–æ—Ä–æ–¥—É 12 —Ç—Ä–∞—Å—Å–∞ 6/7 –≥–∞—Ä–∞–Ω—Ç–∏—è, –º–∞—à–∏–Ω–∞ –±–µ–∑ –≤–ª–æ–∂–µ–Ω–∏–π.
–ü—Ä–æ—à—É 15200$ 
–ù–µ —Å–µ—Ä–µ–∑–Ω—ã–µ –¥–∏–≤–∞–Ω–Ω—ã–µ –≤–æ–π—Å–∫–∞ –Ω–µ –±–µ—Å–ø–æ–∫–æ–∏—Çü´•",623,$ 15 200,1 361 008 —Å–æ–º
–ü—Ä–æ–¥–∞–∂–∞ Toyota Camry VI (XV40) –†–µ—Å—Ç–∞–π–ª–∏–Ω–≥ 2.5 ,https://im.mashina.kg/tachka/images//4/2/0/420a2066be4f004ae4fc1e0da905cd24_640x480.jpg,"Toyota Camry 45 SE Sport-Edition

–ß–∏—Å—Ç—ã–π –∫–∞—Ä—Ñ–∞–∫—Å! –ù–µ —É—Ç–æ–ø–ª–µ–Ω–Ω–∏–∫!
–ê—É–∫—Ü–∏–æ–Ω Manheim!
–í—Å–µ –¥–µ—Ç–∞–ª–∏, –≤—Å–µ —Å—Ç—ë–∫–ª–∞ —Ä–æ–¥–Ω—ã–µ Toyota!
–ù–∞–ø—Ä—è–º—É—é –∏–∑ –°–®–ê

–í –∏–¥–µ–∞–ª—å–Ω–æ–º —Å–æ—Å—Ç–æ—è–Ω–∏–∏, –ø—Ä–æ—à–ª–∞ –ø–æ–ª–Ω–æ–µ –¢.–û, –Ω–µ —Ç—Ä–µ–±—É–µ—Ç –Ω–∏–∫–∞–∫–∏—Ö –≤–ª–æ–∂–µ–Ω–∏–π!

–ì–æ–¥ –≤—ã–ø—É—Å–∫–∞ 2010
–û–±—ä—ë–º –¥–≤–∏–≥–∞—Ç–µ–ª—è 2.5 VVT-I 
–¶–≤–µ—Ç –°–µ—Ä—ã–π –º—ã—à—å‚ú® 
–ö–ü–ü –ê–≤—Ç–æ–º–∞—Ç 6 —Å—Ç—É–ø–∫–∞ 
–ü—Ä–æ–±–µ–≥ 181.000(–º–∏–ª—å) 
–¢–æ–ø–ª–∏–≤–æ –ë–µ–Ω–∑–∏–Ω ‚õΩÔ∏è –ê–ò-95
–ò–Ω—Ç–µ—Ä—å–µ—Ä —Å–∞–ª–æ–Ω–∞ —á–µ—Ä–Ω—ã–π —Ç–∫–∞–Ω—å, —á–∏—Å—Ç—ã–π —É—Ö–æ–∂–µ–Ω–Ω—ã–π 
–ö–æ–º–ø–ª–µ–∫—Ç–∞—Ü–∏—è –ü–æ–ª–Ω.—ç–ª –ø–∞–∫–µ—Ç, –≠–ª–µ–∫—Ç—Ä–æ –±–∞–≥–∞–∂–Ω–∏–∫, –≠–ª–µ–∫—Ç—Ä–æ —Å–∏–¥–µ–Ω—å—è, –∫–ª–∏–º–∞—Ç –∫–æ–Ω—Ç—Ä–æ–ª—å, –ö—Ä—É–∏–∑ –∫–æ–Ω—Ç—Ä–æ–ª—å, –ú—É–ª—å—Ç–∏—Ä—É–ª—å, –î–æ—Ä–æ–≥–æ–π –º–æ–Ω–∏—Ç–æ—Ä –∫–∞–º–µ—Ä–∞ –∑–∞–¥–Ω–µ–≥–æ –≤–∏–¥–∞, –ü—Ä–µ–º–∏—É–º –∞–∫—É—Å—Ç–∏–∫–∞ JBL, Bluetooth, Aux, USB, MP3, CD, –î–∏—Å–∫–∏ R17, –∏ —Ç–¥ !

–ë–µ—Ä–µ–∂–Ω–∞—è —ç–∫—Å–ø–ª—É–∞—Ç–∞—Ü–∏—è!
–°–æ—Å—Ç–æ—è–Ω–∏–µ –∏–¥–µ–∞–ª—å–Ω–æ–µ, –∫–∞–∫ –≤–Ω–µ—à–Ω–µ —Ç–∞–∫ –∏ –≤–Ω—É—Ç—Ä–∏.

–¶–µ–Ω–∞ 13500$ —Ç–æ—Ä–≥ –º–∏–Ω–∏–º–∞–ª—å–Ω—ã–π!

–¢–µ–ª: 0 220 05 05 55 WhatsApp",122,$ 13 500,1 208 790 —Å–æ–º
–ü—Ä–æ–¥–∞–∂–∞ Toyota Camry VI (XV40) –†–µ—Å—Ç–∞–π–ª–∏–Ω–≥ 2.4 ,https://im.mashina.kg/tachka/images//0/8/9/089a119f21d63d6260eb6ef200a44fc2_640x480.jpg,"Toyota Camry 45 HYBRID 

–ß–∏—Å—Ç—ã–π –∫–∞—Ä—Ñ–∞–∫—Å! –ù–µ —É—Ç–æ–ø–ª–µ–Ω–Ω–∏–∫!
–ê—É–∫—Ü–∏–æ–Ω Manheim!
–í—Å–µ –¥–µ—Ç–∞–ª–∏, –≤—Å–µ —Å—Ç—ë–∫–ª–∞ —Ä–æ–¥–Ω—ã–µ –≤–ø–ª–æ—Ç—å –¥–æ –ª–æ–±–æ–≤–æ–≥–æ Toyota!
–ù–∞–ø—Ä—è–º—É—é –∏–∑ –°–®–ê
–ò–º–µ–µ—Ç—Å—è –≤—Å—è –∏—Å—Ç–æ—Ä–∏—è –∞–≤—Ç–æ üá∫üá∏ !
–í –∏–¥–µ–∞–ª—å–Ω–æ–º —Å–æ—Å—Ç–æ—è–Ω–∏–∏, –ø—Ä–æ—à–ª–∞ –ø–æ–ª–Ω–æ–µ –¢.–û, –Ω–µ —Ç—Ä–µ–±—É–µ—Ç –Ω–∏–∫–∞–∫–∏—Ö –≤–ª–æ–∂–µ–Ω–∏–π!

–ì–æ–¥ –≤—ã–ø—É—Å–∫–∞ 2010, –æ–¥–∏–Ω –≤–ª–∞–¥–µ–ª–µ—Ü –≤ –ö–†
–û–±—ä—ë–º –¥–≤–∏–≥–∞—Ç–µ–ª—è 2.4 VVT-I 
–¶–≤–µ—Ç –ù–µ–±–µ—Å–Ω—ã–π ‚ú® 
–ö–ü–ü –ê–≤—Ç–æ–º–∞—Ç 6 —Å—Ç—É–ø–∫–∞ 
–ü—Ä–æ–±–µ–≥ 157.000(–º–∏–ª—å) 
–¢–æ–ø–ª–∏–≤–æ –ì–∏–±—Ä–∏–¥ ‚õΩÔ∏è –ê–ò-95
–ë–∞—Ç–∞—Ä–µ–∏ –∂–∏–≤—ã–µ üíØ 
–†–∞—Å—Ö–æ–¥ –ø–æ –≥–æ—Ä–æ–¥—É 6-7 –ª–∏—Ç—Ä–æ–≤, ECO ‚òòÔ∏è
–ò–Ω—Ç–µ—Ä—å–µ—Ä —Å–∞–ª–æ–Ω–∞ —Å–µ—Ä—ã–π —Ç–∫–∞–Ω—å, —á–∏—Å—Ç—ã–π —É—Ö–æ–∂–µ–Ω–Ω—ã–π 
–ö–æ–º–ø–ª–µ–∫—Ç–∞—Ü–∏—è –ü–æ–ª–Ω.—ç–ª –ø–∞–∫–µ—Ç, –≠–ª–µ–∫—Ç—Ä–æ –±–∞–≥–∞–∂–Ω–∏–∫, –≠–ª–µ–∫—Ç—Ä–æ —Å–∏–¥–µ–Ω—å—è, –∫–ª–∏–º–∞—Ç –∫–æ–Ω—Ç—Ä–æ–ª—å, –ö—Ä—É–∏–∑ –∫–æ–Ω—Ç—Ä–æ–ª—å, –ú—É–ª—å—Ç–∏—Ä—É–ª—å, Push Start, –ë–µ—Å–∫–ª—é—á–µ–≤–æ–π –¥–æ—Å—Ç—É–ø –≤ —Å–∞–ª–æ–Ω –∏ –∑–∞–ø—É—Å–∫ –¥–≤–∏–≥–∞—Ç–µ–ª—è, –î–æ—Ä–æ–≥–æ–π –º–æ–Ω–∏—Ç–æ—Ä –∫–∞–º–µ—Ä–∞ –∑–∞–¥–Ω–µ–≥–æ –≤–∏–¥–∞, –ü—Ä–µ–º–∏—É–º –∞–∫—É—Å—Ç–∏–∫–∞ JBL, Bluetooth, Aux, USB, MP3, CD, –î–∏—Å–∫–∏ R17, –∏ —Ç–¥ !

–ë–µ—Ä–µ–∂–Ω–∞—è —ç–∫—Å–ø–ª—É–∞—Ç–∞—Ü–∏—è!
–°–æ—Å—Ç–æ—è–Ω–∏–µ –∏–¥–µ–∞–ª—å–Ω–æ–µ, –∫–∞–∫ –≤–Ω–µ—à–Ω–µ —Ç–∞–∫ –∏ –≤–Ω—É—Ç—Ä–∏.

–¶–µ–Ω–∞ 13500$ —Ç–æ—Ä–≥ –º–∏–Ω–∏–º–∞–ª—å–Ω—ã–π!

–¢–µ–ª: 0 220 05 05 55 WhatsApp",63,$ 13 500,1 208 790 —Å–æ–º
–ü—Ä–æ–¥–∞–∂–∞ Toyota Camry VI (XV40) –†–µ—Å—Ç–∞–π–ª–∏–Ω–≥ 2.5 ,https://im.mashina.kg/tachka/images//3/8/0/380ceae72780be3db69a8966293a8310_640x480.jpg,–û–ø–∏—Å–∞–Ω–∏–µ –æ—Ç—Å—É—Ç—Å—Ç–≤—É–µ—Ç,448,$ 13 300,1 190 882 —Å–æ–º
–ü—Ä–æ–¥–∞–∂–∞ Toyota Camry VI (XV40) –†–µ—Å—Ç–∞–π–ª–∏–Ω–≥ 2.5 ,https://im.mashina.kg/tachka/images//3/d/8/3d8c94359a9b31a3ac0024732d951d14_640x480.jpg,–û–ø–∏—Å–∞–Ω–∏–µ –æ—Ç—Å—É—Ç—Å—Ç–≤—É–µ—Ç,382,$ 12 000,1 074 480 —Å–æ–º
–ü—Ä–æ–¥–∞–∂–∞ Toyota Camry VI (XV40) –†–µ—Å—Ç–∞–π–ª–∏–Ω–≥ 2.5 ,https://im.mashina.kg/tachka/images//b/1/7/b17e8b472927a3f8b3f12cc8b6ba272b_640x480.jpg,–ö–∞—Ä—Ñ–∞–∫—Å –ß–∏—Å—Ç—ã–π,1129,$ 13 500,1 208 790 —Å–æ–º
–ü—Ä–æ–¥–∞–∂–∞ Toyota Camry VI (XV40) –†–µ—Å—Ç–∞–π–ª–∏–Ω–≥ 2.5 ,https://im.mashina.kg/tachka/images//f/1/3/f13d7d474af021f82ad33874d5cc603b_640x480.jpg,–í –∏–¥–µ–∞–ª—å–Ω–æ–º —Å–æ—Å—Ç–æ—è–Ω–∏–∏!,785,$ 14 700,1 316 238 —Å–æ–º
–ü—Ä–æ–¥–∞–∂–∞ Toyota Camry VI (XV40) –†–µ—Å—Ç–∞–π–ª–∏–Ω–≥ 2.5 ,https://im.mashina.kg/tachka/images//2/e/6/2e6b312eeebb16ee2206af88ac0198c3_640x480.jpg,–û—á–µ–Ω—å —Ö–æ—Ä–æ—à–µ–º —Å–æ—Å—Ç–æ—è–Ω–∏–∏ –±–µ–∑ –≤–ª–æ–∂–µ–Ω–∏–π –°—Ä–æ—á–Ω–æ ,88,$ 12 700,1 137 158 —Å–æ–º
–ü—Ä–æ–¥–∞–∂–∞ Toyota Camry VI (XV40) –†–µ—Å—Ç–∞–π–ª–∏–Ω–≥ 2.5 ,https://im.mashina.kg/tachka/images//f/0/0/f0017fa21eeb7a0a427196af476dcd76_640x480.jpg,–ü—Ä–æ–¥–∞—é Toyota Camry –∫–æ–º–ø–ª–µ–∫—Ç–∞—Ü–∏—è SE sport-edition  USA –∞–º–µ—Ä–∏–∫–∞–Ω–µ—Ü –≥–æ–¥ –≤—ã–ø—É—Å–∫–∞ 2010 –æ–±—å–µ–º 2.5 vvt-I –∫–ø–ø 6-—Å—Ç—É–ø–∫–∞ —Ä–∞—Å—Ö–æ–¥–Ω–∏–∫–∏ –∑–∞–º–µ–Ω–µ–Ω—ã ,997,$ 12 500,1 119 250 —Å–æ–º
–ü—Ä–æ–¥–∞–∂–∞ Toyota Camry VI (XV40) –†–µ—Å—Ç–∞–π–ª–∏–Ω–≥ 2.5 ,https://im.mashina.kg/tachka/images//7/a/6/7a68ad48040cf9495756a54e35e54b62_640x480.jpg,"–í –æ—Ç–ª–∏—á–Ω–æ–º —Å–æ—Å—Ç–æ—è–Ω–∏–π
2019 –∑–∞–µ—Ö–∞–ª —Å –ê–º–µ—Ä–∏–∫–∏ –ö–∞—Ä—Ñ–∞–∫—Å —á–∏—Å—Ç—ã–π.
1 –•–æ–∑—è–π–Ω. 
+77775349977
–í–∞—Ç—Ü –∞–ø.",90,$ 12 500,1 119 250 —Å–æ–º
–ü—Ä–æ–¥–∞–∂–∞ Toyota Camry VI (XV40) –†–µ—Å—Ç–∞–π–ª–∏–Ω–≥ 2.5 ,https://im.mashina.kg/tachka/images//d/d/e/dde327df4191b8e5a94d51c8ab8ffe80_640x480.jpg,–º–∞—à–∏–Ω–∞ –≤ –æ—Ç–ª–∏—á–Ω–æ–º —Å–æ—Å—Ç–æ—è–Ω–∏–∏ —Å –ª—ë–≥–∫–∏–º –∫–∞—Ä—Ñ–∞–∫—Å–æ–º ,612,$ 13 500,1 208 790 —Å–æ–º
–ü—Ä–æ–¥–∞–∂–∞ Toyota Camry VI (XV40) –†–µ—Å—Ç–∞–π–ª–∏–Ω–≥ 2.5 ,https://im.mashina.kg/tachka/images//b/9/a/b9a3aa114032f2e845a83c27e0004895_640x480.jpg,–°—Ä–æ—á–Ω–æ –ø—Ä–æ–¥–∞—ë—Ç—Å—è!,183,$ 11 500,1 029 710 —Å–æ–º
–ü—Ä–æ–¥–∞–∂–∞ Toyota Camry VI (XV40) –†–µ—Å—Ç–∞–π–ª–∏–Ω–≥ 2.4 ,https://im.mashina.kg/tachka/images//8/7/f/87f751f4d75a58ac255b33e4d54ce48a_640x480.jpg,–≥–∏–±—Ä–∏–¥ ,145,$ 12 500,1 119 250 —Å–æ–º
–ü—Ä–æ–¥–∞–∂–∞ Toyota Camry VI (XV40) –†–µ—Å—Ç–∞–π–ª–∏–Ω–≥ 2.5 ,https://im.mashina.kg/tachka/images//0/d/7/0d7f79ed5c7f555ac19e0a6212ae6c33_640x480.jpg,"–ú–∞—à–∏–Ω–∞ –≤ –ò–°–ö–õ–Æ–ß–ò–¢–ï–õ–¨–ù–û–ú —Å–æ—Å—Ç–æ—è–Ω–∏–∏. –ü—Ä–æ–¥–∞—é –≤ —Å–≤—è–∑–∏ —Å –ø–µ—Ä–µ–µ–∑–¥–æ–º, —Ü–µ–Ω–∞ —Å—Ä–æ—á–Ω–∞—è. –í—Ç–æ—Ä–æ–π –≤–ª–∞–¥–µ–ª–µ—Ü –≤ –ö–†, –º–∞—à–∏–Ω–æ–π –≤–ª–∞–¥–µ–ª–∏ 7 –ª–µ—Ç. –°—Ç–æ–∏—Ç —Å–≤–æ–∏—Ö –¥–µ–Ω–µ–≥. –ú–∞—à–∏–Ω—É –ª—é–±–∏–ª–∏ –∏ —É—Ö–∞–∂–∏–≤–∞–ª–∏, –¥–µ–Ω–µ–≥ –Ω–∞ –æ–±—Å–ª—É–∂–∏–≤–∞–Ω–∏–µ –Ω–µ –∂–∞–ª–µ–ª–∏. –í—Å—ë —Ä–æ–¥–Ω–æ–µ, –≤—Å–µ –º–∞—Ä–∫–µ—Ä—ã, –∫–æ—Å—Ç–∏ —Ü–µ–ª—ã–µ, –∑–∞–≤–æ–¥—Å–∫–∏–µ –∑–∞–∫–ª—ë–ø–∫–∏ –Ω–∞ –º–µ—Å—Ç–µ. –î–µ–ª–∞–ª–∏ –¥–æ—Ä–æ–≥—É—é —à—É–º–æ–∏–∑–æ–ª—è—Ü–∏—é –∏ –≤–∏–±—Ä–æ–∏–∑–æ–ª—è—Ü–∏—é, —Å—Ç–∞–≤–∏–ª–∏ –¥–æ—Ä–æ–≥–æ–π –∞–Ω–¥—Ä–æ–∏–¥ –º–æ–Ω–∏—Ç–æ—Ä, —Å—Ç–æ—è—Ç –æ—Ç–ª–∏—á–Ω—ã–µ –¥–∏—Å–∫–∏, –∫–∞–º–µ—Ä–∞ –ø–µ—Ä–µ–¥–Ω–µ–≥–æ –≤–∏–¥–∞, –Ω–æ–≤—ã–µ —Ç–æ—Ä–º–æ–∑–Ω—ã–µ –¥–∏—Å–∫–∏ –∏ –∞–º–æ—Ä—Ç–∏–∑–∞—Ç–æ—Ä—ã. ",1677,$ 14 500,1 298 330 —Å–æ–º
–ü—Ä–æ–¥–∞–∂–∞ Toyota Camry VI (XV40) –†–µ—Å—Ç–∞–π–ª–∏–Ω–≥ 2.5 ,https://im.mashina.kg/tachka/images//0/7/7/077492925a7d0506612667aceb15a70a_640x480.jpg,–û–ø–∏—Å–∞–Ω–∏–µ –æ—Ç—Å—É—Ç—Å—Ç–≤—É–µ—Ç,1581,$ 12 600,1 128 204 —Å–æ–º
–ü—Ä–æ–¥–∞–∂–∞ Toyota Camry VI (XV40) –†–µ—Å—Ç–∞–π–ª–∏–Ω–≥ 2.5 ,https://im.mashina.kg/tachka/images//b/0/e/b0e07b31bb840d3510890467c801ce16_640x480.jpg,"–ü—Ä–æ–¥–∞—é –ö–∞–º—Ä–∏ (–∞–º–µ—Ä–∏–∫–∞–Ω–µ—Ü) –≤ –¥–æ—Å—Ç–æ–π–Ω–æ–º —Å–æ—Å—Ç–æ—è–Ω–∏–∏. –ö–æ—Ä–æ–±–∫–∞, –¥–≤–∏–≥–∞—Ç–µ–ª—å 5. –ö—É–∑–æ–≤ 4.5. –ê–∫—É—Å—Ç–∏–∫–∞ JBL. –ö–∞—Ä—Ñ–∞–∫—Å –º–∏–Ω–∏–º–∞–ª—å–Ω—ã–π.",80,$ 13 500,1 208 790 —Å–æ–º
–ü—Ä–æ–¥–∞–∂–∞ Toyota Camry VI (XV40) –†–µ—Å—Ç–∞–π–ª–∏–Ω–≥ 2.5 ,https://im.mashina.kg/tachka/images//3/b/d/3bdb627659b08a020aa58efd47db48ae_640x480.jpg,"–°–æ—Å—Ç–æ—è–Ω–∏–µ –æ—Ç–ª–∏—á–Ω–æ–µ , —Ç–æ—Ä–≥ —É –∫–∞–ø–æ—Ç–∞ , —á–µ—Ä–Ω—ã–π —Å–∞–ª–æ–Ω –∫–æ–º–ø–ª–µ–∫—Ç–∞—Ü–∏—è SE!",944,$ 13 700,1 226 698 —Å–æ–º
–ü—Ä–æ–¥–∞–∂–∞ Toyota Camry VI (XV40) –†–µ—Å—Ç–∞–π–ª–∏–Ω–≥ 2.5 ,https://im.mashina.kg/tachka/images//e/d/9/ed9f06bce21e0b859d3336d86a6840a1_640x480.jpg,–û–ø–∏—Å–∞–Ω–∏–µ –æ—Ç—Å—É—Ç—Å—Ç–≤—É–µ—Ç,207,$ 13 200,1 181 928 —Å–æ–º
–ü—Ä–æ–¥–∞–∂–∞ Toyota Camry VI (XV40) –†–µ—Å—Ç–∞–π–ª–∏–Ω–≥ 2.5 ,https://im.mashina.kg/tachka/images//b/8/f/b8fc4f9247cd4df76c36878b45a8f62e_640x480.jpg,"–°—Ä–æ—á–Ω–æ! –ü—Ä–æ–¥–∞—ë—Ç—Å—è —É—Ö–æ–∂–µ–Ω–Ω–∞—è Toyota Camry USA! –í—Ç–æ—Ä–æ–π —Ö–æ–∑—è–∏–Ω –≤ –ö–†!
–ú–∞—à–∏–Ω–∞ –≤ –ö–† –ø—Ä–∏–≥–Ω–∞–Ω–∞ –≤ 2019 –≥–æ–¥—É, Carfax –ª—ë–≥–∫–∏–π! –í—Å–µ –ø–æ–¥—É—à–∫–∏ –Ω–∞ –º–µ—Å—Ç–µ! –í—Å–µ —Å—Ç–µ–∫–ª–∞ —Ä–æ–¥–Ω—ã–µ!
 
–ì–æ–¥: 2010/10 –º–µ—Å—è—Ü (Carfax: 2011–≥.)
–ü—Ä–æ–±–µ–≥: 220 000 (–†–æ–¥–Ω–æ–π!)
–û–±—ä—ë–º: 2.5 (–ø–µ—Ä–µ–¥–Ω–∏–π)
–¢—Ä–∞–Ω—Å–º–∏—Å—Å–∏—è: –ê–≤—Ç–æ–º–∞—Ç + –¢–∏–ø—Ç—Ä–æ–Ω–∏–∫
–¶–≤–µ—Ç: –ß–µ—Ä–Ω—ã–π
–°–∞–ª–æ–Ω: –°–µ—Ä—ã–π –≤–µ–ª—é—Ä
 
–ü—Ä–µ–∏–º—É—â–µ—Å—Ç–≤–∞:
- –õ—é–∫ (–≤ 3-—Ö –ø–æ–ª–æ–∂–µ–Ω–∏—è—Ö);
- Hands Free (Bluetooth –≤ —à—Ç–∞—Ç–Ω–æ–º –º–µ—Å—Ç–µ);
- –ö–æ–∂–∞–Ω—ã–π —Ä—É–ª—å;
- –ê–Ω–¥—Ä–æ–∏–¥ –º–æ–Ω–∏—Ç–æ—Ä (Corvette);
- –ö–∞–º–µ—Ä–∞ –∑–∞–¥–Ω–µ–≥–æ –≤–∏–¥–∞ + –í–∏–¥–µ–æ—Ä–µ–≥–∏—Å—Ç—Ä–∞—Ç–æ—Ä;
- 5D-–ø–æ–ª–∏–∫–∏ + –æ—Ä–∏–≥–∏–Ω–∞–ª—å–Ω—ã–µ –≤ —Å–∞–ª–æ–Ω–µ + –≤ –±–∞–≥–∞–∂–Ω–∏–∫–µ;
- –ù–∞–∫–∏–¥–∫–∞ –Ω–∞ –ø–∞–Ω–µ–ª—å –∏–∑ –ê–ª—å–∫–∞–Ω—Ç–∞—Ä—ã;
- –ü–µ—Ä–µ—à–∏—Ç—ã–π –∫—Ä–∞—Å–∏–≤—ã–π –ø–æ—Ç–æ–ª–æ–∫;
- –•–æ—Ä–æ—à–∏–µ —á–µ—Ö–ª—ã –≤ —Å–∞–ª–æ–Ω–µ + –ø–æ–¥–≥–æ–ª–æ–≤–Ω–∏–∫–∏ + –ø–æ–¥–ª–æ–∫–æ—Ç–Ω–∏–∫;
- –°–ø–æ–π–ª–µ—Ä
–ò —Ç.–¥.
 
–ú–∞—à–∏–Ω—É –ø–æ–∫—É–ø–∞–ª —á–µ—Ä–µ–∑ –∞–≤—Ç–æ-–ø–æ–¥–±–æ—Ä—â–∏–∫–æ–≤ —Å –ø–æ–ª–Ω–æ–π –ø—Ä–æ–≤–µ—Ä–∫–æ–π. 
–ó–∞–ª–∏–≤–∞–ª–æ—Å—å —Ç–æ–ª—å–∫–æ –¥–æ—Ä–æ–≥–æ–µ –º–∞—Å–ª–æ –∏ –ê–ò-95, –º–∞—Å–ª–æ –Ω–µ –∂—Ä—ë—Ç. –û–±—Å–ª—É–∂–∏–≤–∞–ª–∞—Å—å –≤ –ê—Ä—Å–µ–Ω–∞–ª–µ.

–û—Ç –º–∞—à–∏–Ω—ã –Ω–µ –∏–∑–±–∞–≤–ª—è—é—Å—å, –ø—Ä–æ–¥–∞—ë—Ç—Å—è –≤ —Å–≤—è–∑–∏ —Å –æ–±—Å—Ç–æ—è—Ç–µ–ª—å—Å—Ç–≤–∞–º–∏. –†–∞–∑—É–º–Ω—ã–π —Ç–æ—Ä–≥ –±—É–¥–µ—Ç!
 
–û—Å—Ç–∞–ª—å–Ω–æ–µ –ø–æ —Ç–µ–ª–µ—Ñ–æ–Ω—É: 0552552666 (WhatsApp)
 ",509,$ 13 300,1 190 882 —Å–æ–º
–ü—Ä–æ–¥–∞–∂–∞ Toyota Camry VI (XV40) –†–µ—Å—Ç–∞–π–ª–∏–Ω–≥ 2.5 ,https://im.mashina.kg/tachka/images//c/8/2/c8291dffa6c8365aa08e26c6c5c2260e_640x480.jpg,"–¢–æ–π–æ—Ç–∞ –ö–∞–º—Ä–∏ 45 –ö–û–†–ï–ï–¶
–ì–æ–¥ –≤—ã–ø—É—Å–∫–∞ 2010.11 –º–µ—Å—è—Ü 
–ù–µ –ø—É—Ç–∞—Ç—å —Å –∞–º–µ—Ä–∏–∫–∞–Ω—Ü–µ–º –∏ –µ–≤—Ä–æ–ø–µ–π—Ü–µ–º!
–°–∞–º–∞—è –ø–æ–ª–Ω–∞—è –∫–æ–º–ø–ª–µ–∫—Ç–∞—Ü–∏—è XLE
–û–¥–∏–Ω –∏–∑ —Å–∞–º—ã—Ö –ª—É—á—à–∏—Ö –ø–æ —Å–æ—Å—Ç–æ—è–Ω–∏—é –≤ –≥–æ—Ä–æ–¥–µ!
–ü–æ–ª–Ω–æ—Å—Ç—å—é –≤ —Ä–æ–¥–Ω–æ–º –æ–∫—Ä–∞—Å–µ, –≤—Å–µ —Ä–æ–¥–Ω–æ–µ!
–í—Å–µ —Å—Ç–µ–∫–ª–∞ —Ä–æ–¥–Ω—ã–µ –≤–ø–ª–æ—Ç—å –¥–æ –ª–æ–±–æ–≤–æ–≥–æ !
–ü—Ä–æ–±–µ–≥ 180.000 –∫–º –æ—Ä–∏–≥–∏–Ω–∞–ª ! 
–°–∞–ª–æ–Ω —Å–µ—Ä–∞—è –∫–æ–∂–∞, —Å –ø–æ–¥–æ–≥—Ä–µ–≤–∞–º–∏ –ø–µ—Ä–µ–¥–Ω–∏—Ö —Å–∏–¥–µ–Ω–∏–π, —Å–æ—Å—Ç–æ—è–Ω–∏–µ —Å–∞–ª–æ–Ω–∞ - –∑–∞–≤–æ–¥—Å–∫–æ–µ !
–ú–∞—à–∏–Ω–∞ —Ç–µ—Ö–Ω–∏—á–µ—Å–∫–∏ –≤ –∏–¥–µ–∞–ª—å–Ω–æ–º —Å–æ—Å—Ç–æ—è–Ω–∏–∏, –∫–∞—Ç–∞–ª–∏–∑–∞—Ç–æ—Ä—ã –Ω–∞ –º–µ—Å—Ç–µ, —Ö–æ–¥–æ–≤–∞—è —á–∞—Å—Ç—å –≤—Å—è –Ω–æ–≤–∞—è –≤ –æ—Ä–∏–≥–∏–Ω–∞–ª—å–Ω—ã—Ö –∑–∞–ø—á–∞—Å—Ç—è—Ö.
–ù–∞ –Ω–æ–≤—ã—Ö –ª–µ—Ç–Ω–∏—Ö —à–∏–Ω–∞—Ö !
–ú–∞—à–∏–Ω–∞ –¥–ª—è —Ç–µ—Ö –∫—Ç–æ –∏—â–µ—Ç –¥–ª—è —Å–µ–±—è !
–° –ø—Ä–æ–¥–∞–∂–µ–π –Ω–µ —Ç–æ—Ä–æ–ø–ª—é—Å—å , –º–∏–Ω–∏–º–∞–ª—å–Ω—ã–π —Ç–æ—Ä–≥!
",1035,$ 16 500,1 477 410 —Å–æ–º
–ü—Ä–æ–¥–∞–∂–∞ Toyota Camry VI (XV40) –†–µ—Å—Ç–∞–π–ª–∏–Ω–≥ 2.5 ,https://im.mashina.kg/tachka/images//9/2/b/92bd1ce8afd5379a1c79d79ffcb8c30c_640x480.jpg,"–ö–∞–º—Ä–∏ 45, 2011 –≥–æ–¥ 2,5 –±–µ–Ω–∑–∏–Ω –æ—Ç–ª —Å–æ—Å—Ç –±–µ–∑ –≤–ª–æ–∂–µ–Ω–∏–π, —Ñ–∞—Ä—ã –¥–æ—Ä–æ–≥–∏–µ –ë–∏-–ª—ç–¥,  —Ç–æ—Ä–≥ —É–º–µ—Å—Ç–µ–Ω ",99,$ 13 200,1 181 928 —Å–æ–º
–ü—Ä–æ–¥–∞–∂–∞ Toyota Camry VI (XV40) –†–µ—Å—Ç–∞–π–ª–∏–Ω–≥ 2.4 ,https://im.mashina.kg/tachka/images//c/f/c/cfc750f4e1bb1a0648fcbd99cb886da6_640x480.jpg,"–¢–æ–π–æ—Ç–∞ –ö–∞–º—Ä–∏ 45 (–∞—Ä–∞–±) 
2009 –≥–æ–¥ (–º–æ–¥–µ–ª—å–Ω—ã–π 2010)
–¶–µ–Ω–∞ 10.500 + –º–∏–Ω–∏—Ç–æ—Ä–≥",1370,$ 10 500,940 170 —Å–æ–º
–ü—Ä–æ–¥–∞–∂–∞ Toyota Camry VI (XV40) –†–µ—Å—Ç–∞–π–ª–∏–Ω–≥ 2.5 ,https://im.mashina.kg/tachka/images//3/3/d/33dfba9f74092f40d229cc6435f61fb4_640x480.jpg,"–°–†–û–ß–ù–û! –°–†–û–ß–ù–û! –°–†–û–ß–ù–û!
–¶–ï–ù–ê –û–ö–û–ù–ß–ê–¢–ï–õ–¨–ù–ê–Ø!",5859,$ 10 900,975 986 —Å–æ–º
–ü—Ä–æ–¥–∞–∂–∞ Toyota Camry VI (XV40) –†–µ—Å—Ç–∞–π–ª–∏–Ω–≥ 3.5 ,https://im.mashina.kg/tachka/images//4/c/a/4caf6d179a663b2feb4db9c4fb5badcb_640x480.jpg,"–ö–∞–º—Ä–∏ 3.5 –µ–≤—Ä–æ–ø–µ–µ—Ü
–°–æ–æ–≥—É —Ç–∞–∑–∑–∞
–ú–∞—à–∏–Ω–∞ –æ—Ç–æ –∂—É–º—à–∞–∫
–ì–∞–∑ –±–∞—Ä ,–∂–∞–∫—ã–Ω–¥–∞ —ç–ª–µ –∫–æ–π—É–ª–≥–∞–Ω
–ú–µ–ª–æ—á—å –∏—à—Ç–µ—Ä–∏ –±–∞—Ä –∂–∞–Ω–∞ –∫–æ—Ä–æ–±–∫–∞—Å—ã–Ω–¥–∞ –∏—à–∏ –±–∞—Ä
WhatsApp +996555650007",253,$ 10 700,958 078 —Å–æ–º
–ü—Ä–æ–¥–∞–∂–∞ Toyota Camry VI (XV40) –†–µ—Å—Ç–∞–π–ª–∏–Ω–≥ 2.5 ,https://im.mashina.kg/tachka/images//e/5/1/e519403148abdc2525ec0467c52219ac_640x480.jpg,—Å–æ—Å—Ç–æ—è–Ω–∏–µ —Ö–æ—Ä–æ—à–µ–µ XLE –ø–æ–ª–Ω–∞—è –∫–æ–º–ø–ª–µ–∫—Ç–∞—Ü–∏—è —Ä–æ–¥–Ω–æ–π –∞–≤—Ç–æ–∑–∞–≤–æ–¥ –∑–∏–º–∞ –ª–µ—Ç–∞ –Ω–∞ —Ç–∏—Ç–∞–Ω–æ–≤—ã—Ö –¥–∏—Å–∫–∞—Ö ,1023,$ 14 000,1 253 560 —Å–æ–º
–ü—Ä–æ–¥–∞–∂–∞ Toyota Camry VI (XV40) –†–µ—Å—Ç–∞–π–ª–∏–Ω–≥ 2.4 ,https://im.mashina.kg/tachka/images//e/b/c/ebc212f7fc9652a1ab698c800c67d765_640x480.jpg,"–°—Ä–æ—á–Ω–æ, —Å—Ä–æ—á–Ω–æ!!!! ",360,$ 10 600,949 124 —Å–æ–º
–ü—Ä–æ–¥–∞–∂–∞ Toyota Camry VI (XV40) –†–µ—Å—Ç–∞–π–ª–∏–Ω–≥ 2.5 ,https://im.mashina.kg/tachka/images//a/c/a/aca60fc08e40dca36f6b22968120827e_640x480.jpg,"–¢–∞–π–æ—Ç–∞ –ö–∞–º—Ä–∏ 45. –°–ï. —á–µ—Ä–Ω—ã–π —Å–∞–ª–æ–Ω. 
0550017000‚Å∑",230,$ 13 100,1 172 974 —Å–æ–º
–ü—Ä–æ–¥–∞–∂–∞ Toyota Camry VI (XV40) –†–µ—Å—Ç–∞–π–ª–∏–Ω–≥ 2.5 ,https://im.mashina.kg/tachka/images//f/1/b/f1bfbe00eebca7cc30450e8ecb331da2_640x480.jpg,"–±–∏—Ç—ã–π –ö–∞–º—Ä–∏ 
—Ç–µ–ª –Ω–æ–º–µ—Ä 0776144442
",694,$ 8 935,800 000 —Å–æ–º
–ü—Ä–æ–¥–∞–∂–∞ Toyota Camry VI (XV40) –†–µ—Å—Ç–∞–π–ª–∏–Ω–≥ 2.5 ,https://im.mashina.kg/tachka/images//4/5/f/45fc069d5d856c612bdfdc7eae433f03_640x480.jpg,"–ü—Ä–æ–¥–∞—é TOYOTA CAMRY 45 —Ä–µ—Å—Ç–∞–π–ª–∏–Ω–≥ –ö–æ—Ä–µ–µ—Ü üá∞üá∑
–ì–æ–¥ –≤—ã–ø—É—Å–∫–∞ : 2010 
–°–æ—Å—Ç–æ—è–Ω–∏–µ : –∏–¥–µ–∞–ª—å–Ω–æ–µ –±–µ–∑ –≤–ª–æ–∂–µ–Ω–∏–π 
–û–±—ä—ë–º : 2.5 –º–æ—Ç–æ—Ä –Ω–æ–≤–æ–≥–æ –æ–±—Ä–∞–∑—Ü–∞ 
–ü—Ä–∏–≤–æ–¥ : –ø–µ—Ä–µ–¥–Ω–∏–π 
–ü—Ä–æ–±–µ–≥ : 194000 km –æ—Ä–∏–≥–∏–Ω–∞–ª 
–ö–æ—Ä–æ–±–∫–∞ : –ê–≤—Ç–æ–º–∞—Ç 6 —Å—Ç—É–ø–∫–∞ 
–¶–≤–µ—Ç –∫—É–∑–æ–≤–∞ : –ë–µ–ª—ã–π 
–¶–≤–µ—Ç —Å–∞–ª–æ–Ω–∞ : —Å–µ—Ä–∞—è –∫–æ–∂–∞ –Ω–µ –ø–µ—Ä–µ—à–∏—Ç—ã–π –Ω–µ –ø–æ—Ç–µ—Ä—Ç—ã–π 
–î–æ–ø : –í –º–∞–∫—Å–∏–º–∞–ª—å–Ω–æ–º –∫–æ–º–ø–ª–µ–∫—Ç–∞—Ü–∏–∏, –ø–æ–ª–Ω.—ç–ª.–ø–∞–∫–µ—Ç,–ª—é–∫, 2-–∑–æ–Ω–Ω—ã–π –∫–ª–∏–º–∞—Ç –∫–æ–Ω—Ç—Ä–æ–ª—å, –ø–æ–¥–æ–≥—Ä–µ–≤ —Å–∏–¥–µ–Ω–∏–π, –∫—Ä—É–∏–∑-–∫–æ–Ω—Ç—Ä–æ–ª—å, –º—É–ª—å—Ç–∏—Ä—É–ª—å, –º–æ–Ω–∏—Ç–æ—Ä TEYES –æ—Ä–∏–≥–∏–Ω–∞–ª —Å—Ç–æ–∏—Ç, –∫–∞–º–µ—Ä–∞ –∑–∞–¥–Ω–µ–≥–æ –≤–∏–¥–∞, –ø–∞—Ä–∫—Ç—Ä–æ–Ω–∏–∫–∏, –Ω–∞ R17 –¥–∏—Å–∫–∞—Ö, –ø—Ä–æ—à–ª–∞ –ø–æ–ª–Ω–æ–µ –¢.–û, –≤—Å–µ —Ä–∞—Å—Ö–æ–¥–Ω–∏–∫–∏ –∑–∞–º–µ–Ω–µ–Ω—ã. –ú–∞—à–∏–Ω–∞ –¥–ª—è —Ç–µ—Ö –∫—Ç–æ –∏—â–µ—Ç –¥–ª—è —Å–µ–±—è",681,$ 17 000,1 522 180 —Å–æ–º
–ü—Ä–æ–¥–∞–∂–∞ Toyota Camry VI (XV40) –†–µ—Å—Ç–∞–π–ª–∏–Ω–≥ 2.5 ,https://im.mashina.kg/tachka/images//9/e/5/9e533b64d448bf5814a20d1118414ad6_640x480.jpg,"–ú–∞—à–∏–Ω–∞ –Ω–µ —Ä–∂–∞–≤–∞—è,–Ω–µ –±–∏—Ç–∞—è,–µ—Å—Ç—å –æ–∫—Ä–∞—Å –¥–≤—É—Ö –¥–µ—Ç–∞–ª–µ–π(–∫–æ—Å–º–µ—Ç–∏–∫–∞)
–û—Ä–∏–≥–∏–Ω–∞–ª –ø—Ä–æ–±–µ–≥ –≤ –∫–º
–í—Å–µ —Å—Ç–µ–∫–ª–∞,—Å—Ç–∏–∫–µ—Ä–∞ —Ä–æ–¥–Ω—ã–µ
–ö–∞—Ç–∞–ª–∏–∑–∞—Ç–æ—Ä –Ω–∞ –º–µ—Å—Ç–µ
–û—á–µ–Ω—å —É—Ö–æ–∂–µ–Ω–Ω–∞—è –º–∞—à–∏–Ω–∞
–ü—Ä–æ–π–¥–µ–Ω–æ –ø–æ–ª–Ω–æ–µ —Ç–æ
–¢–æ—Ä–≥ –º–∏–Ω–∏–º–∞–ª—å–Ω—ã–π
–û–±–º–µ–Ω–∞ –Ω–µ—Ç,—Ç–æ–ª—å–∫–æ –Ω–∞–ª–∏—á–Ω—ã–µ",143,$ 14 600,1 307 284 —Å–æ–º
–ü—Ä–æ–¥–∞–∂–∞ Toyota Camry VI (XV40) –†–µ—Å—Ç–∞–π–ª–∏–Ω–≥ 2.5 ,https://im.mashina.kg/tachka/images//3/4/9/34944097a908e56d943b80f22b6b8d0d_640x480.jpg,"–¢–æ–π–æ—Ç–∞ –ö–∞–º—Ä–∏.
2011 –≥–æ–¥ –≤—ã–ø—É—Å–∫–∞
–û–±—å–µ–º 2.5
–ö–æ–º–ø–ª–µ–∫—Ç–∞—Ü–∏—è SE.
–¶–µ–Ω–∞ 12.700$
0509957777.",407,$ 12 700,1 137 158 —Å–æ–º
–ü—Ä–æ–¥–∞–∂–∞ Toyota Camry VI (XV40) –†–µ—Å—Ç–∞–π–ª–∏–Ω–≥ 2.4 ,https://im.mashina.kg/tachka/images//a/5/9/a594d309aad2adb364338802a4e0f279_640x480.jpg,–û–ø–∏—Å–∞–Ω–∏–µ –æ—Ç—Å—É—Ç—Å—Ç–≤—É–µ—Ç,408,$ 10 500,940 170 —Å–æ–º
–ü—Ä–æ–¥–∞–∂–∞ Toyota Camry VI (XV40) –†–µ—Å—Ç–∞–π–ª–∏–Ω–≥ 2.5 ,https://im.mashina.kg/tachka/images//c/e/c/cec085cf8dbfa65c59c991bf947a30ab_640x480.jpg,"–ü—Ä–æ–¥–∞–µ—Ç—Å—è –∫–∞–º—Ä–∏, –≤ —Ö–æ—Ä–æ—à–µ–º —Å–æ—Å—Ç–æ—è–Ω–∏–π, –≤–ª–æ–∂–µ–Ω–∏–π –Ω–µ —Ç—Ä–µ–±—É–µ—Ç! –°–µ–ª –ø–æ–µ—Ö–∞–ª! –†–∞–∑—É–º–Ω—ã–π —Ç–æ—Ä–≥ —É –∫–∞–ø–æ—Ç–∞",735,$ 12 200,1 092 388 —Å–æ–º
–ü—Ä–æ–¥–∞–∂–∞ Toyota Camry VI (XV40) –†–µ—Å—Ç–∞–π–ª–∏–Ω–≥ 2.4 ,https://im.mashina.kg/tachka/images//9/1/a/91a76e60594b3bf3be1d4f8d2daa96cf_640x480.jpg,"üî•üî•üî•–ü—Ä–æ–¥–∞—ë—Ç—Å—èüî•üî•üî•
–ú–∞—Ä–∫–∞: –¢–æ–π–æ—Ç–∞
–ú–æ–¥–µ–ª—å: –ö–∞–º—Ä–∏ 45
–ì–æ–¥ –≤—ã–ø—É—Å–∫–∞: 2010
–û–±—ä–µ–º –¥–≤–∏–≥–∞—Ç–µ–ª—è : 2.4
–ö–ü–ü: –ê–≤—Ç–æ–º–∞—Ç
–¶–≤–µ—Ç: –°–µ—Ä—ã–π
–ü—Ä–æ–±–µ–≥: 249000 –∫–º.
–°–∞–ª–æ–Ω: –ß–µ—Ä–Ω–∞—è –∫–æ–∂–∞/–¥–µ—Ä–µ–≤–æ
–í–∏–¥ —Ç–æ–ø–ª–∏–≤–∞: –ë–µ–Ω–∑–∏–Ω
–û–ø—Ü–∏–∏: Bluetooth, –ø–æ–¥–æ–≥—Ä–µ–≤ –ø–µ—Ä–µ–¥–Ω–∏—Ö —Å–∏–¥–µ–Ω–∏–∏, –º—É–ª—å—Ç–∏ —Ä—É–ª—å, –ø–∞—Ä–∫—Ç—Ä–æ–Ω–∏–∫–∏, –∫–∞–º–µ—Ä–∞ –∑–∞–¥–Ω–µ–≥–æ –≤–∏–¥–∞, –æ–º—ã–≤–∞—Ç–µ–ª—å —Ñ–∞—Ä, —Å–∫–ª–∞–¥—ã–≤–∞—é—â–∏–µ –∑–µ—Ä–∫–∞–ª–∞, –ø–µ—Ä–µ–¥–Ω–∏–µ —ç–ª–µ–∫—Ç—Ä–æ —Å–∏–¥–µ–Ω–∏—è –∏ —Ç.–¥.
–¢—è–≥–∞ –æ—Ç–ª–∏—á–Ω–∞—è. –•–æ—Ä–æ—à–∞—è —Ä–µ–∑–∏–Ω–∞.
–û–ë–ú–ï–ù–ê –ù–ï–¢ , —Ç–æ–ª—å–∫–æ –Ω–∞–ª–∏—á–∫–∞!
–¶–µ–Ω–∞: 12000$ –û–∫–æ–Ω—á–∞—Ç–µ–ª—å–Ω–æ! –ë–µ–∑ —Ç–æ—Ä–≥–∞.
–¢–µ–ª: 0555555527 (24/7)",821,$ 12 000,1 074 480 —Å–æ–º
–ü—Ä–æ–¥–∞–∂–∞ Toyota Camry VI (XV40) –†–µ—Å—Ç–∞–π–ª–∏–Ω–≥ 2.5 ,https://im.mashina.kg/tachka/images//b/d/e/bde284f0c141e13faf406ff464637e64_640x480.jpg,"–°—Ä–æ—á–Ω–æ‚ÄºÔ∏è
Toyota Camry 45 SE
–ì–æ–¥ –≤—ã–ø—É—Å–∫–∞ 2010 –ê–º–µ—Ä–∏–∫–∞–Ω–µ—Üüá∫üá∏
–û–±—ä–µ–º 2.5 –ë–µ–Ω–∑–∏–Ω
–¶–≤–µ—Ç —Å–µ—Ä–µ–±—Ä–∏—Å—Ç—ã–π 
–°–µ—Ä—ã–π –∫–æ–∂–∞–Ω–Ω—ã–π —Å–∞–ª–æ–Ω 
–õ—é–∫
–ö—É–∑–æ–≤ –≤ —Ä–æ–¥–Ω–æ–π –æ–∫—Ä–∞—Å–∫–µ
–î–≤–∏–≥–∞—Ç–µ–ª—å –∏ –ê–∫–ø–ø - –±–µ–∑ –Ω–∞—Ä–µ–∫–∞–Ω–∏–π
–†–∞—Å—Ö–æ–¥ –ø–æ –≥–æ—Ä–æ–¥—É 10-12
–í–ª–æ–∂–µ–Ω–∏–π –Ω–µ —Ç—Ä–µ–±—É–µ—Ç 
–õ—é–±–∞—è –¥–∏–∞–≥–Ω–æ—Å—Ç–∏–∫–∞ –∑–∞ –≤–∞—à —Å—á—ë—Ç
–¶–µ–Ω–∞ 13700$
–¢–µ–ª.: 0777 777 228",1269,$ 13 700,1 226 698 —Å–æ–º
–ü—Ä–æ–¥–∞–∂–∞ Toyota Camry VI (XV40) –†–µ—Å—Ç–∞–π–ª–∏–Ω–≥ 2.5 ,https://im.mashina.kg/tachka/images//c/9/3/c9317cba52109c2bb6c0321d721dd877_640x480.jpg,"Toyota –°amry –≤ –∫—É–∑–æ–≤–µ XV45
–ì–æ–¥ 2010, –ø—Ä–∏–≥–Ω–∞–Ω –∏–∑ –ö–æ—Ä–µ–∏, —Å–±–æ—Ä–∫–∞ Japan üáØüáµ ‚Ä¢.
–ú–∞—à–∏–Ω–∞ –≤ –∏–¥–µ–∞–ª—å–Ω–æ–º —Å–æ—Å—Ç–æ—è–Ω–∏–∏!
–í—Å—è –≤ —Ä–æ–¥–Ω–æ–π –∫—Ä–∞—Å–∫–µ!
–ü–æ –¥–≤–∏–≥–∞—Ç–µ–ª—é –∏ –ê–ö–ü–ü –±–µ–∑ –Ω–∞—Ä–µ–∫–∞–Ω–∏–π, –æ—Ç —Å–ª–æ–≤–∞ —Å–æ–≤—Å–µ–º.
–ü–æ –ø–æ–¥–≤–µ—Å–∫–µ - —Å—Ç–∞–≤–∏–ª–∏—Å—å —Ç–æ–ª—å–∫–æ –æ—Ä–∏–≥–∏–Ω–∞–ª—å–Ω—ã–µ –∑–∞–ø—á–∞—Å—Ç–∏, –æ—á–µ–Ω—å –º—è–≥–∫–æ –µ–¥–µ—Ç.
–°–∞–ª–æ–Ω —á–∏—Å—Ç—ã–π, –¥–µ—Ä–µ–≤—è–Ω–Ω—ã–µ –≤—Å—Ç–∞–≤–∫–∏ –∏ –∫–æ–∂–∞ –≤ –∏–¥–µ–∞–ª–µ.",1199,$ 16 000,1 432 640 —Å–æ–º
–ü—Ä–æ–¥–∞–∂–∞ Toyota Camry VI (XV40) –†–µ—Å—Ç–∞–π–ª–∏–Ω–≥ 2.4 ,https://im.mashina.kg/tachka/images//7/1/7/717611551e89df61d5090fdff455a359_640x480.jpg,–û–ø–∏—Å–∞–Ω–∏–µ –æ—Ç—Å—É—Ç—Å—Ç–≤—É–µ—Ç,425,$ 12 000,1 074 480 —Å–æ–º
–ü—Ä–æ–¥–∞–∂–∞ Toyota Camry VI (XV40) –†–µ—Å—Ç–∞–π–ª–∏–Ω–≥ 2.5 ,https://im.mashina.kg/tachka/images//2/2/2/22222fb2739e42a1e38aef726b9e02b4_640x480.jpg,–û–ø–∏—Å–∞–Ω–∏–µ –æ—Ç—Å—É—Ç—Å—Ç–≤—É–µ—Ç,275,$ 12 500,1 119 250 —Å–æ–º
–ü—Ä–æ–¥–∞–∂–∞ Toyota Camry VI (XV40) –†–µ—Å—Ç–∞–π–ª–∏–Ω–≥ 2.5 ,https://im.mashina.kg/tachka/images//7/5/8/75800957ee2888b8d31671f91928ebca_640x480.jpg,–ü—Ä–æ–¥–∞—é –ö–∞–º—Ä–∏ 45 ! –∞–≤—Ç–æ –±–µ–∑ –≤–ª–æ–∂–µ–Ω–∏–π ! –º–∏–Ω–∏ —Ç–æ—Ä–≥ —É –∫–∞–ø–æ—Ç–∞,805,$ 13 800,1 235 652 —Å–æ–º
–ü—Ä–æ–¥–∞–∂–∞ Toyota Camry VI (XV40) –†–µ—Å—Ç–∞–π–ª–∏–Ω–≥ 2.5 ,https://im.mashina.kg/tachka/images//c/8/9/c8965747a0c67e99763d18c73b189750_640x480.jpg,"0706168333 w/a
",951,$ 13 000,1 164 020 —Å–æ–º
–ü—Ä–æ–¥–∞–∂–∞ Toyota Camry VI (XV40) –†–µ—Å—Ç–∞–π–ª–∏–Ω–≥ 2.4 ,https://im.mashina.kg/tachka/images//e/b/9/eb97503a25d5089b41b697706748fc44_640x480.jpg,"–°–†–û–ß–ù–û! –°–†–û–ß–ù–û! –°–†–û–ß–ù–û!

TOYOTA CAMRY 40 [–ï–≤—Ä–æ–ø–µ–µ—Ü]

üìå–ì–æ–¥ –≤—ã–ø—É—Å–∫–∞: 2010
üìå–ü—Ä–æ–±–µ–≥: 111780 –∫–º
üìå–û–±—ä–µ–º –¥–≤–∏–≥–∞—Ç–µ–ª—è : 2.4 [–ë–µ–Ω–∑–∏–Ω]
üìå–ö–æ—Ä–æ–±–∫–∞ –ø–µ—Ä–µ–¥–∞—á: –ê–≤—Ç–æ–º–∞—Ç
üìå–¶–≤–µ—Ç: –ß–µ—Ä–Ω—ã–π
üìå–¶–µ–Ω–∞: 950000 —Å–æ–º 

–Æ—Ä–∏–¥–∏—á–µ—Å–∫–∏ —á–∏—Å—Ç–∞—è ! 
–®—Ç—Ä–∞—Ñ—ã –æ—Ç—Å—É—Ç—Å—Ç–≤—É—é—Ç ! 
",366,$ 10 610,950 000 —Å–æ–º
–ü—Ä–æ–¥–∞–∂–∞ Toyota Camry VI (XV40) –†–µ—Å—Ç–∞–π–ª–∏–Ω–≥ 2.5 ,https://im.mashina.kg/tachka/images//2/a/2/2a22085dd0901b9fad063541f1652a4b_640x480.jpg,–û–ø–∏—Å–∞–Ω–∏–µ –æ—Ç—Å—É—Ç—Å—Ç–≤—É–µ—Ç,470,$ 12 500,1 119 250 —Å–æ–º
–ü—Ä–æ–¥–∞–∂–∞ Toyota Camry VI (XV40) –†–µ—Å—Ç–∞–π–ª–∏–Ω–≥ 2.5 ,https://im.mashina.kg/tachka/images//e/f/6/ef6c5de919cb91bc112b300996b4804c_640x480.jpg,–û–ø–∏—Å–∞–Ω–∏–µ –æ—Ç—Å—É—Ç—Å—Ç–≤—É–µ—Ç,400,$ 12 300,1 101 342 —Å–æ–º
–ü—Ä–æ–¥–∞–∂–∞ Toyota Camry VI (XV40) –†–µ—Å—Ç–∞–π–ª–∏–Ω–≥ 2.5 ,https://im.mashina.kg/tachka/images//3/f/a/3fa7eeac16575abb2161b84108dbb758_640x480.jpg,–û–ø–∏—Å–∞–Ω–∏–µ –æ—Ç—Å—É—Ç—Å—Ç–≤—É–µ—Ç,327,$ 14 500,1 298 330 —Å–æ–º
–ü—Ä–æ–¥–∞–∂–∞ Toyota Camry VI (XV40) –†–µ—Å—Ç–∞–π–ª–∏–Ω–≥ 2.5 ,https://im.mashina.kg/tachka/images//3/6/f/36fd6941ef0474a67972dddd07f06c27_640x480.jpg,"Camry 45
–û–±—ä–µ–º 2.5
–ö–æ—Ä–æ–±–∫–∞ 6—Ç–∏ —Å—Ç—É–ø–∫–∞
–ê–º–µ—Ä–∏–∫–∞–Ω–µ—Ü 
–ö–∞—Ä—Ñ–∞–∫—Å –ª–µ–≥–∫–∏–π
–ë–µ–∑ –≤–ª–æ–∂–µ–Ω–∏–π",694,$ 12 200,1 092 388 —Å–æ–º
–ü—Ä–æ–¥–∞–∂–∞ Toyota Camry VI (XV40) –†–µ—Å—Ç–∞–π–ª–∏–Ω–≥ 2.5 ,https://im.mashina.kg/tachka/images//c/b/1/cb1910237b9395ea284b53ff956b1994_640x480.jpg,"–°—Ä–æ—á–Ω–æ –ø—Ä–æ–¥–∞—é –∫–∞–º—Ä–∏ 45,–∞–º–µ—Ä–∏–∫–∞, –±–µ–∑ –≤–ª–æ–∂–µ–Ω–∏–π, —Å–æ—Å—Ç–æ—è–Ω–∏–µ –æ—Ç–ª–∏—á–Ω–æ–µ, –∞–Ω–¥—Ä–æ–∏–¥ —Å–∏—Å—Ç–µ–º–∞ –∏.—Ç.–¥ —Ä–∞–∑—É–º–Ω—ã–π —Ç–æ—Ä–≥ –ø–æ —Ñ–∞–∫—Ç—É",399,$ 13 000,1 164 020 —Å–æ–º
–ü—Ä–æ–¥–∞–∂–∞ Toyota Camry VI (XV40) –†–µ—Å—Ç–∞–π–ª–∏–Ω–≥ 3.5 ,https://im.mashina.kg/tachka/images//c/7/0/c7048b7feb9908e088184184f2d124fb_640x480.jpg,–û–ø–∏—Å–∞–Ω–∏–µ –æ—Ç—Å—É—Ç—Å—Ç–≤—É–µ—Ç,547,$ 15 000,1 343 100 —Å–æ–º
–ü—Ä–æ–¥–∞–∂–∞ Toyota Camry VI (XV40) –†–µ—Å—Ç–∞–π–ª–∏–Ω–≥ 2.5 ,https://im.mashina.kg/tachka/images//d/9/a/d9a15d28b82d892ab38a8e3ee1b08a45_640x480.jpg,–ü–µ—Ä–≤—ã–π —Ö–æ–∑—è–∏–Ω –≤ –ö–†. –ú–∞—à–∏–Ω–∞ 2011 –≥–æ–¥–∞ –≤—ã–ø—É—Å–∫–∞. –î–ª—è —Ç–µ—Ö –∫—Ç–æ –∏—â–µ—Ç –¥–ª—è —Å–µ–±—è. –ü—Ä–æ–¥–∞—é –Ω–µ —Å–ø–µ—à–∞.  –≠–∫—Å–ø–ª—É–∞—Ç–∏—Ä–æ–≤–∞–ª–∞—Å—å —Ä–µ–¥–∫–æ –∏ –±–µ—Ä–µ–∂–Ω–æ. –ü–µ—Ä–µ–∫—É–ø—â–∏–∫–∞–º –Ω–µ –±–µ—Å–ø–æ–∫–æ–∏—Ç—å! –ó–≤–æ–Ω–∏—Ç—å —Ç–æ–ª—å–∫–æ —Ä–µ–∞–ª—å–Ω—ã–º –ø–æ–∫—É–ø–∞—Ç–µ–ª—è–º. ,253,$ 13 600,1 217 744 —Å–æ–º
–ü—Ä–æ–¥–∞–∂–∞ Toyota Camry VI (XV40) –†–µ—Å—Ç–∞–π–ª–∏–Ω–≥ 2.5 ,https://im.mashina.kg/tachka/images//d/8/f/d8fd7ab1f53aef6e9f4a44dd92ecb9e5_640x480.jpg,–ö–∞–º—Ä–∏ 45 –ê–º–µ—Ä–∏–∫–∞–Ω–µ—Ü –≤ –æ—Ç–ª–∏—á–Ω–æ–º —Å–æ—Å—Ç–æ—è–Ω–∏–∏ ,405,$ 13 800,1 235 652 —Å–æ–º
–ü—Ä–æ–¥–∞–∂–∞ Toyota Camry VI (XV40) –†–µ—Å—Ç–∞–π–ª–∏–Ω–≥ 2.5 ,https://im.mashina.kg/tachka/images//7/e/9/7e9c1ccc751d688c480fbdd0003d2d04_640x480.jpg,–û–ø–∏—Å–∞–Ω–∏–µ –æ—Ç—Å—É—Ç—Å—Ç–≤—É–µ—Ç,5431,$ 13 500,1 208 790 —Å–æ–º
–ü—Ä–æ–¥–∞–∂–∞ Toyota Camry VI (XV40) –†–µ—Å—Ç–∞–π–ª–∏–Ω–≥ 2.5 ,https://im.mashina.kg/tachka/images//5/f/4/5f45ea4c48c9b1243f702c43a43165b9_640x480.jpg,–û–ø–∏—Å–∞–Ω–∏–µ –æ—Ç—Å—É—Ç—Å—Ç–≤—É–µ—Ç,4423,$ 13 100,1 172 974 —Å–æ–º
–ü—Ä–æ–¥–∞–∂–∞ Toyota Camry VI (XV40) –†–µ—Å—Ç–∞–π–ª–∏–Ω–≥ 2.5 ,https://im.mashina.kg/tachka/images//c/6/f/c6f16522b21f6db8a9519f02625ffd65_640x480.jpg,–°–†–û–ß–ù–û!,1419,$ 11 900,1 065 526 —Å–æ–º
–ü—Ä–æ–¥–∞–∂–∞ Toyota Camry VI (XV40) –†–µ—Å—Ç–∞–π–ª–∏–Ω–≥ 2.5 ,https://im.mashina.kg/tachka/images//a/1/f/a1fea7835a957781798c1bfa2c529051_640x480.jpg,–û–ø–∏—Å–∞–Ω–∏–µ –æ—Ç—Å—É—Ç—Å—Ç–≤—É–µ—Ç,1676,$ 12 900,1 155 066 —Å–æ–º
–ü—Ä–æ–¥–∞–∂–∞ Toyota Camry VI (XV40) –†–µ—Å—Ç–∞–π–ª–∏–Ω–≥ 2.5 ,https://im.mashina.kg/tachka/images//8/d/b/8dbf1babcf66f840e3f6c313f005356c_640x480.jpg,"–ü—Ä–æ–¥–∞–µ—Ç—Å—è Toyota Camry 45 –∫—É–∑–æ–≤ 2.5 –ª. –ë–µ–Ω–∑–∏–Ω.
–ê–≤—Ç–æ –≤ –æ—Ç–ª–∏—á–Ω–æ–º —Å–æ—Å—Ç–æ—è–Ω–∏–∏, LE-–∫–æ–º–ø–ª–µ–∫—Ç–∞—Ü–∏—è, 2010 –≥–æ–¥–∞. –ê–º–µ—Ä–∏–∫–∞–Ω–µ—Ü.
–ü–µ—Ä–≤—ã–π —Ö–æ–∑—è–∏–Ω –≤ –ö–† –ø–æ—Å–ª–µ –°–®–ê. –£—Å—Ç–∞–Ω–æ–≤–ª–µ–Ω–∞ –∫–∞–º–µ—Ä–∞ –∑–∞–¥–Ω–µ–≥–æ –≤–∏–¥–∞, –º–æ–Ω–∏—Ç–æ—Ä –≤ —Å–∞–ª–æ–Ω–µ. –û—Ä–∏–≥–∏–Ω–∞–ª—å–Ω–∞—è –º–∞–≥–Ω–∏—Ç–æ–ª–∞ –∏–º–µ–µ—Ç—Å—è, –æ—Ç–¥–∞–¥–∏–º –≤–º–µ—Å—Ç–µ —Å –º–∞—à–∏–Ω–æ–π. –ù–æ–≤–∞—è —Ä–µ–∑–∏–Ω–∞. –†–∞—Å—Ö–æ–¥ –ø–æ –≥–æ—Ä–æ–¥—É 10-11 –ª, –ø–æ —Ç—Ä–∞—Å—Å–µ 7-8 –ª. –¶–≤–µ—Ç –º–æ–∫—Ä—ã–π –∞—Å—Ñ–∞–ª—å—Ç. ",272,$ 13 000,1 164 020 —Å–æ–º
–ü—Ä–æ–¥–∞–∂–∞ Toyota Camry VI (XV40) –†–µ—Å—Ç–∞–π–ª–∏–Ω–≥ 2.5 ,https://im.mashina.kg/tachka/images//c/3/4/c34fc42dbfa3a5fcd91b47a0acaf022d_640x480.jpg,"–ü—Ä–æ–¥–∞—é –¢–æ–π–æ—Ç–∞ –ö–∞–º—Ä–∏ SE 2010 –≥.–≤. 2.5
–í –∏–¥–µ–∞–ª—å–Ω–æ–º —Å–æ—Å—Ç–æ—è–Ω–∏–∏ 
–ë–µ–∑ –≤–ª–æ–∂–µ–Ω–∏–π
–ü—Ä–æ—à—É 13500
–¢–µ–ª: 0555003159 –ó–í–û–ù–ò–¢–¨ –ù–ê –≠–¢–û–¢ –ù–û–ú–ï–†",865,$ 13 500,1 208 790 —Å–æ–º
–ü—Ä–æ–¥–∞–∂–∞ Toyota Camry VI (XV40) –†–µ—Å—Ç–∞–π–ª–∏–Ω–≥ 2.4 ,https://im.mashina.kg/tachka/images//5/f/c/5fc7de8779b7c7cc022bdbd119090957_640x480.jpg,"–¢–æ–π–æ—Ç–∞ –ö–∞–º—Ä–∏ 2011 –≥.–≤. –∏–∑ –ö–æ—Ä–µ–∏, V- –æ–±—ä–µ–º  2,5 –≥–∏–±—Ä–∏–¥, –≤—Å–µ –Ω–∞–≤–æ—Ä–æ—Ç—ã, –ø—Ä–æ–±–µ–≥ –æ—Ä–∏–≥–∏–Ω–∞–ª, –ª—é–∫, –ø–∞—Ä–∫—Ç—Ä–æ–Ω–∏–∫–∏, –∫–∞–º–µ—Ä–∞ –∑–∞–¥–Ω–µ–≥–æ —Ö–æ–¥–∞, –ø–æ–≤–æ—Ä–æ—Ç–Ω–∏–∫–∏ –Ω–∞ –∑–µ—Ä–∫–∞–ª–∞—Ö, —Å–∫–ª–∞–¥—ã–≤–∞—é—â–∏–µ—Å—è –∑–µ—Ä–∫–∞–ª–∞, —Å–µ—Ä—ã–π –∫–æ–∂–∞–Ω–Ω—ã–π —Å–∞–ª–æ–Ω, –ø–µ—Ä–µ–¥–Ω–∏–µ –∏ –∑–∞–¥–Ω–∏–µ –∑–∞–ø–∏—Å—ã–≤–∞—é—â–∏–µ—Å—è –∫–∞–º–µ—Ä—ã.",413,$ 15 000,1 343 100 —Å–æ–º
–ü—Ä–æ–¥–∞–∂–∞ Toyota Camry VI (XV40) –†–µ—Å—Ç–∞–π–ª–∏–Ω–≥ 2.5 ,https://im.mashina.kg/tachka/images//3/0/c/30c14fb9678256a91c0456afbd70cc72_640x480.jpg,–ö–∞–º—Ä–∏ 45 –∫—É–∑–æ–≤,942,$ 11 000,984 940 —Å–æ–º
–ü—Ä–æ–¥–∞–∂–∞ Toyota Camry VI (XV40) –†–µ—Å—Ç–∞–π–ª–∏–Ω–≥ 2.4 ,https://im.mashina.kg/tachka/images//0/e/8/0e83dfacf2436c424ac24c96a87e60c6_640x480.jpg,–û–ø–∏—Å–∞–Ω–∏–µ –æ—Ç—Å—É—Ç—Å—Ç–≤—É–µ—Ç,1120,$ 10 400,931 216 —Å–æ–º
–ü—Ä–æ–¥–∞–∂–∞ Toyota Camry VI (XV40) –†–µ—Å—Ç–∞–π–ª–∏–Ω–≥ 2.5 ,/details/toyota-camry-6521f3a12ab33161833970?tab=1,702232703,144,$ 11 800,1 056 572 —Å–æ–º
–ü—Ä–æ–¥–∞–∂–∞ Toyota Camry VI (XV40) –†–µ—Å—Ç–∞–π–ª–∏–Ω–≥ 2.5 ,https://im.mashina.kg/tachka/images//1/4/b/14bc0d8b4a51381cae9d63367f112253_640x480.jpg,0702232703,509,$ 13 800,1 235 652 —Å–æ–º
–ü—Ä–æ–¥–∞–∂–∞ Toyota Camry VI (XV40) –†–µ—Å—Ç–∞–π–ª–∏–Ω–≥ 2.5 ,https://im.mashina.kg/tachka/images//7/f/6/7f6b9e3e59465e29255a8043eba430c2_640x480.jpg,–û–ø–∏—Å–∞–Ω–∏–µ –æ—Ç—Å—É—Ç—Å—Ç–≤—É–µ—Ç,5616,$ 13 000,1 164 020 —Å–æ–º
–ü—Ä–æ–¥–∞–∂–∞ Toyota Camry VI (XV40) –†–µ—Å—Ç–∞–π–ª–∏–Ω–≥ 2.5 ,https://im.mashina.kg/tachka/images//9/a/8/9a862c9704962a136aebf6341756f510_640x480.jpg,"–ü—Ä–æ–¥–∞—é –¢–æ–π–æ—Ç–∞ –ö–∞–º—Ä–∏ 45 SE . 2010 –≥.–≤. –∏–¥–µ–∞–ª. 13500$ —Ç–æ—Ä–≥.—É–º–µ—Å—Ç. –ë–µ–∑ –æ–±–º–µ–Ω–∞, —Ç–æ–ª—å–∫–æ –Ω–∞–ª! ",1004,$ 13 500,1 208 790 —Å–æ–º
–ü—Ä–æ–¥–∞–∂–∞ Toyota Camry VI (XV40) –†–µ—Å—Ç–∞–π–ª–∏–Ω–≥ 2.5 ,https://im.mashina.kg/tachka/images//3/0/4/304915cbca1002784655b7c343d8b2e2_640x480.jpg,–ø,692,$ 12 000,1 074 480 —Å–æ–º
–ü—Ä–æ–¥–∞–∂–∞ Toyota Camry VI (XV40) –†–µ—Å—Ç–∞–π–ª–∏–Ω–≥ 2.4 ,https://im.mashina.kg/tachka/images//d/8/1/d81fb11632ecb26e512e57ae395a48bd_640x480.jpg,–ß–∏—Å—Ç—ã–π –ï–≤—Ä–æ–ø–µ–µ—Ü!,389,$ 14 500,1 298 330 —Å–æ–º
–ü—Ä–æ–¥–∞–∂–∞ Toyota Camry VI (XV40) –†–µ—Å—Ç–∞–π–ª–∏–Ω–≥ 2.4 ,https://im.mashina.kg/tachka/images//a/9/5/a95c2267b7c21f2f11c065c8e0f0ae19_640x480.jpg,"–¢–æ–π–æ—Ç–∞ Sai
",622,$ 12 700,1 137 158 —Å–æ–º
–ü—Ä–æ–¥–∞–∂–∞ Toyota Camry VI (XV40) –†–µ—Å—Ç–∞–π–ª–∏–Ω–≥ 2.5 ,https://im.mashina.kg/tachka/images//8/9/1/8912665f1404e9d5e68dcca1d3cb2d4b_640x480.jpg,"–ü—Ä–æ–¥–∞—é.–°–∞—Ç—ã–ª–∞—Ç.
–¢–æ–π–æ—Ç–∞ –∫–∞–º—Ä–∏ 45 –∫—É–∑–æ–≤.–•LE
–°–æ—Å—Ç–æ—è–Ω–∏–µ –∏–¥–µ–∞–ª!",876,$ 15 000,1 343 100 —Å–æ–º
–ü—Ä–æ–¥–∞–∂–∞ Toyota Camry VI (XV40) –†–µ—Å—Ç–∞–π–ª–∏–Ω–≥ 2.5 ,https://im.mashina.kg/tachka/images//d/1/e/d1ebc67cbb2cd24830abe39c201aa8b9_640x480.jpg,–ö–∞–º—Ä–∏ 45! –°–æ—Å—Ç–æ—è–Ω–∏–µ –æ—Ç–ª–∏—á–Ω–æ–µ! –ó–≤–æ–Ω–∏—Ç—å –Ω–∞ –Ω–æ–º–µ—Ä 0997333273,1966,$ 12 500,1 119 250 —Å–æ–º
–ü—Ä–æ–¥–∞–∂–∞ Toyota Camry VI (XV40) –†–µ—Å—Ç–∞–π–ª–∏–Ω–≥ 2.5 ,https://im.mashina.kg/tachka/images//a/a/0/aa02d2623b079a899f4b9a8b6d2d9fd1_640x480.jpg,–û–ø–∏—Å–∞–Ω–∏–µ –æ—Ç—Å—É—Ç—Å—Ç–≤—É–µ—Ç,794,$ 13 000,1 164 020 —Å–æ–º
–ü—Ä–æ–¥–∞–∂–∞ Toyota Camry VI (XV40) –†–µ—Å—Ç–∞–π–ª–∏–Ω–≥ 2.5 ,https://im.mashina.kg/tachka/images//4/4/b/44b4ef8b8acc2fb6738c639c43d44fff_640x480.jpg,–û–±–º–µ–Ω —Ç–æ–ª—å–∫–æ –∞–ª—Ñ–∞—Ä—Ç ,1774,$ 12 500,1 119 250 —Å–æ–º
–ü—Ä–æ–¥–∞–∂–∞ Toyota Camry VI (XV40) –†–µ—Å—Ç–∞–π–ª–∏–Ω–≥ 2.4 ,https://im.mashina.kg/tachka/images//4/b/0/4b01f09c93f6be9b803b9f5e8cfca680_640x480.jpg,"‚úÖ –†–∞—Å—Å–º–æ—Ç—Ä–µ–Ω–∏–µ –∑–∞—è–≤–∫–∏ –≤ —Ç–µ—á–µ–Ω–∏–µ 15-30 –º–∏–Ω—É—Ç
‚úÖ –ù—É–∂–µ–Ω —Ç–æ–ª—å–∫–æ –ø–∞—Å–ø–æ—Ä—Ç, –ø—Ä–æ–ø–∏—Å–∫–∞ –∏ –≤–æ–¥–∏—Ç–µ–ª—å—Å–∫–æ–µ —É–¥–æ—Å—Ç–æ–≤–µ—Ä–µ–Ω–∏–µ
‚úÖ –ü–µ—Ä–≤–æ–Ω–∞—á–∞–ª—å–Ω—ã–π –ø–ª–∞—Ç–µ–∂: 25% –æ—Ç —Å—Ç–æ–∏–º–æ—Å—Ç–∏ –∞–≤—Ç–æ–º–æ–±–∏–ª—è
‚úÖ –°—Ä–æ–∫ –ª–∏–∑–∏–Ω–≥–∞ –æ—Ç 12 –¥–æ 48 –º–µ—Å—è—Ü–µ–≤
‚úÖ GPS-—Ç—Ä–µ–∫–µ—Ä, –ö–ê–°–ö–û –∏ –æ—Ñ–æ—Ä–º–ª–µ–Ω–∏–µ –≤ –ø–æ–¥–∞—Ä–æ–∫",11479,$ 10 610,950 000 —Å–æ–º
–ü—Ä–æ–¥–∞–∂–∞ Toyota Camry VI (XV40) –†–µ—Å—Ç–∞–π–ª–∏–Ω–≥ 2.5 ,https://im.mashina.kg/tachka/images//6/f/0/6f0457ba5cf69df038ea5643e58d1861_640x480.jpg,–û–ø–∏—Å–∞–Ω–∏–µ –æ—Ç—Å—É—Ç—Å—Ç–≤—É–µ—Ç,1942,$ 13 000,1 164 020 —Å–æ–º
–ü—Ä–æ–¥–∞–∂–∞ Toyota Camry VI (XV40) –†–µ—Å—Ç–∞–π–ª–∏–Ω–≥ 2.5 ,https://im.mashina.kg/tachka/images//6/f/4/6f47e04bd465b38a4a0f34f49761fe5c_640x480.jpg,–û–ø–∏—Å–∞–Ω–∏–µ –æ—Ç—Å—É—Ç—Å—Ç–≤—É–µ—Ç,879,$ 12 500,1 119 250 —Å–æ–º
–ü—Ä–æ–¥–∞–∂–∞ Toyota Camry VI (XV40) –†–µ—Å—Ç–∞–π–ª–∏–Ω–≥ 2.5 ,https://im.mashina.kg/tachka/images//a/2/2/a2286ae8618e1accdcfd0802ddad390a_640x480.jpg,–í –æ—Ç–ª–∏—á–Ω–æ–º —Å–æ—Å—Ç–æ—è–Ω–∏–∏)),2020,$ 15 000,1 343 100 —Å–æ–º
–ü—Ä–æ–¥–∞–∂–∞ Toyota Camry VI (XV40) –†–µ—Å—Ç–∞–π–ª–∏–Ω–≥ 2.5 ,https://im.mashina.kg/tachka/images//f/8/d/f8d65458ff559c6aaccad6b22a91cd32_640x480.jpg,–û–ø–∏—Å–∞–Ω–∏–µ –æ—Ç—Å—É—Ç—Å—Ç–≤—É–µ—Ç,1312,$ 12 500,1 119 250 —Å–æ–º
–ü—Ä–æ–¥–∞–∂–∞ Toyota Camry VI (XV40) –†–µ—Å—Ç–∞–π–ª–∏–Ω–≥ 2.5 ,https://im.mashina.kg/tachka/images//6/2/a/62a8f6aee00cbd866ae8891e85431c14_640x480.jpg,–ø—Ä–æ–±–µ–≥ –æ—Ä–∏–≥–∏–Ω–∞–ª!,516,$ 12 500,1 119 250 —Å–æ–º
–ü—Ä–æ–¥–∞–∂–∞ Toyota Camry VI (XV40) –†–µ—Å—Ç–∞–π–ª–∏–Ω–≥ 2.5 ,https://im.mashina.kg/tachka/images//c/7/b/c7bb208094140b547087b1241291e9c0_640x480.jpg,"–ú–∞—à–∏–Ω–∞ –Ω–∞—Ö–æ–¥–∏—Ç—Å—è –≤ –¢–∞–ª–∞—Å–µ,
–ï–≤—Ä–æ–ø–µ–µ—Ü, —Å–æ—Å—Ç–æ—è–Ω–∏–µ –∏–¥–µ–∞–ª—å–Ω–æ–µ, –æ–±–º–µ–Ω —Å –¥–æ–ø–ª–∞—Ç–æ–π —Å –º–µ–Ω—è ",451,$ 15 000,1 343 100 —Å–æ–º
–ü—Ä–æ–¥–∞–∂–∞ Toyota Camry VI (XV40) –†–µ—Å—Ç–∞–π–ª–∏–Ω–≥ 3.5 ,https://im.mashina.kg/tachka/images//b/b/d/bbdb3ab9194ac53131b9dc2413ac3196_640x480.jpg,"–ü—Ä–æ–¥–∞–º Toyota Camry 45 (–µ–≤—Ä–æ–ø–µ–µ—Ü). –û–±—å–µ–º 3.5
–ê–≤—Ç–æ –∏–¥–µ–∞–ª.
–ú–æ—Ç–æ—Ä –∫–æ—Ä–æ–±–∫–∞ –±–µ–∑ –Ω–∞—Ä–µ–∫–∞–Ω–∏–π, —Ä–∞–±–æ—Ç–∞—é—Ç –∫–∞–∫ —à–≤–µ–π—Ü–∞—Ä—Å–∫–∏–µ —á–∞—Å—ã. –ú–æ—Ç–æ—Ä –Ω–µ —Ä–∞—Å—Ö–æ–¥—É–µ—Ç –Ω–∏ –≥—Ä–∞–º–º–∞ –º–∞—Å–ª–∞. –ù–µ—Ç –ø–æ–¥—Ç–µ–∫–æ–≤, –Ω–µ —Å–æ–ø–ª–∏–≤–∏—Ç, –Ω–µ –ø—Ä–æ—Ç–µ–∫–∞–µ—Ç. –ö–æ—Ä–æ–±–∫–∞ –ø–µ—Ä–µ–∫–ª—é—á–∞–µ—Ç –ø–ª–∞–≤–Ω–æ, –Ω–µ –ø–∏–Ω–∞–µ—Ç. 
–•–æ–¥–æ–≤–∫–∞ –æ–±—Å–ª—É–∂–∏–≤–∞–µ—Ç—Å—è —Å—Ç—Ä–æ–≥–æ –Ω–∞ –æ—Ä–∏–≥–∏–Ω–∞–ª—å–Ω—ã—Ö –∑–∞–ø—á–∞—Å—Ç—è—Ö. –ï—Å—Ç—å –≤—Å–µ —á–µ–∫–∏ –∏ –∑–∞–∫–∞–∑ –Ω–∞—Ä—è–¥—ã –Ω–∞ —É—Å–ª—É–≥–∏.
–í—Å–µ —Ç–µ—Ö–Ω–∏—á–µ—Å–∫–∏–µ –∂–∏–¥–∫–æ—Å—Ç–∏ –º–µ–Ω—è—é—Ç—Å—è —Å—Ç—Ä–æ–≥–æ –ø–æ —Ä–µ–≥–ª–∞–º–µ–Ω—Ç—É (–º–∞—Å–ª–æ –≤ –¥–≤–∏–≥–∞—Ç–µ–ª–µ –∫–∞–∂–¥—ã–µ 5000 –∫–º) 
–ö–æ–∂–∞–Ω–Ω—ã–π —Å–∞–ª–æ–Ω, —É—Å—Ç–∞–Ω–æ–≤–ª–µ–Ω –∞–Ω–¥—Ä–æ–∏–¥ –º–æ–Ω–∏—Ç–æ—Ä (4/64) –Ω–µ –ª–∞–≥–∞–µ—Ç –Ω–µ —Ç–æ—Ä–º–æ–∑–∏—Ç, –Ω–∞ –º–æ—Ä–æ–∑–µ –Ω–µ –∑–∞–≤–∏—Å–∞–µ—Ç.
–ê–≤—Ç–æ –≤ –ø–æ–ª–Ω–æ–π –∫–æ–º–ø–ª–µ–∫—Ç–∞—Ü–∏–∏. (–ë–µ–∑–∫–ª—é—á–µ–≤–æ–π –¥–æ—Å—Ç—É–ø, –±–æ—Ä—Ç –∫–æ–º–ø—å—é—Ç–µ—Ä) –∫—Ä–æ–º–µ –ª—é–∫–∞ (–Ω–∞ –µ–≤—Ä–æ–ø–µ–π—Ü–∞—Ö 3.5 –Ω–µ –∏–¥–µ—Ç –≤ –∫–æ–º–ø–ª–µ–∫—Ç–∞—Ü–∏–∏)
–§–∞—Ä—ã –ø–æ–ª–Ω–æ—Å—Ç—å—é –≤ –¥–æ—Ä–æ–≥–∏—Ö –ª—ç–¥ –ª–∞–º–ø–∞—Ö (–±–ª–∏–∂–Ω–∏–π 55w, —Ç—É–º–∞–Ω–∫–∏ 65w, –¥–∞–ª—å–Ω–∏–π 100w)
–ü—Ä–∏–µ–∑–∂–∞–π—Ç–µ —Å–º–æ—Ç—Ä–∏—Ç–µ. –ê–≤—Ç–æ —Å—Ç–æ–∏—Ç —Å–≤–æ–∏—Ö –¥–µ–Ω–µ–≥
–î–∞—Ä–∏—Ç —Ç–æ–ª—å–∫–æ —ç–º–æ—Ü–∏–∏",1676,$ 14 000,1 253 560 —Å–æ–º
–ü—Ä–æ–¥–∞–∂–∞ Toyota Camry VI (XV40) –†–µ—Å—Ç–∞–π–ª–∏–Ω–≥ 2.5 ,https://im.mashina.kg/tachka/images//c/7/3/c735da022036b8b438652c8c407485d6_640x480.jpg,"–ë–µ–∑ –≤–ª–æ–∂–µ–Ω–∏–π, –ø—Ä–æ–¥–∞—é –Ω–µ —Å–ø–µ—à–∞ , –≤ –∏–¥–µ–∞–ª—å–Ω–æ–º —Å–æ—Å—Ç–æ—è–Ω–∏–∏, –±–µ—Ä–µ–∂–Ω–∞—è —ç–∫—Å–ø–ª—É–∞—Ç–∞—Ü–∏—è ",968,$ 12 900,1 155 066 —Å–æ–º
–ü—Ä–æ–¥–∞–∂–∞ Toyota Camry VI (XV40) –†–µ—Å—Ç–∞–π–ª–∏–Ω–≥ 2.5 ,https://im.mashina.kg/tachka/images//6/f/9/6f94416c55d311772a419fe10c4ca079_640x480.jpg,–û–ø–∏—Å–∞–Ω–∏–µ –æ—Ç—Å—É—Ç—Å—Ç–≤—É–µ—Ç,710,$ 12 900,1 155 066 —Å–æ–º
–ü—Ä–æ–¥–∞–∂–∞ Toyota Camry VI (XV40) –†–µ—Å—Ç–∞–π–ª–∏–Ω–≥ 2.4 ,https://im.mashina.kg/tachka/images//e/c/1/ec13a10177a37a21e25635c4770d6647_640x480.jpg,–û–ø–∏—Å–∞–Ω–∏–µ –æ—Ç—Å—É—Ç—Å—Ç–≤—É–µ—Ç,689,$ 15 300,1 369 962 —Å–æ–º
–ü—Ä–æ–¥–∞–∂–∞ Toyota Camry VI (XV40) –†–µ—Å—Ç–∞–π–ª–∏–Ω–≥ 2.5 ,https://im.mashina.kg/tachka/images//7/8/a/78a2827c5a59d380cde5aad362d8a04d_640x480.jpg,–û–ø–∏—Å–∞–Ω–∏–µ –æ—Ç—Å—É—Ç—Å—Ç–≤—É–µ—Ç,881,$ 12 500,1 119 250 —Å–æ–º
–ü—Ä–æ–¥–∞–∂–∞ Toyota Camry VI (XV40) –†–µ—Å—Ç–∞–π–ª–∏–Ω–≥ 3.5 ,https://im.mashina.kg/tachka/images//1/4/c/14cad5239e05bb0a7b2c9abc72068acc_640x480.jpg,"–∫—Ä–∞—Å–∫–∞ —Ä–æ–¥–Ω–æ–π,–±–µ–∑ –î–¢–ü,–±–µ–∑ —Ä–∂–∞–≤—á–∏–Ω–∞ –∫–∞—Ä–æ–±–∫–∞, –î–í–° –∏–¥–µ–∞–ª—å–Ω–æ",571,$ 14 000,1 253 560 —Å–æ–º
–ü—Ä–æ–¥–∞–∂–∞ Toyota Camry VI (XV40) –†–µ—Å—Ç–∞–π–ª–∏–Ω–≥ 2.5 ,https://im.mashina.kg/tachka/images//5/f/5/5f5b7b057b894122bfa0d483fc7efa86_640x480.jpg,–û–ø–∏—Å–∞–Ω–∏–µ –æ—Ç—Å—É—Ç—Å—Ç–≤—É–µ—Ç,1535,$ 12 800,1 146 112 —Å–æ–º
–ü—Ä–æ–¥–∞–∂–∞ Toyota Camry VI (XV40) –†–µ—Å—Ç–∞–π–ª–∏–Ω–≥ 2.5 ,https://im.mashina.kg/tachka/images//0/1/e/01e9f48acfc26b229bb5681216201c6b_640x480.jpg,"–°—Ç—Ä–æ–≥–æ –∑–≤–æ–Ω–∏—Ç—å 
–ú–∞—à–∏–Ω–∞ –≤ –ö–∞—Ä–∞–∫–æ–ª–µ",2170,$ 11 500,1 029 710 —Å–æ–º
–ü—Ä–æ–¥–∞–∂–∞ Toyota Camry VI (XV40) –†–µ—Å—Ç–∞–π–ª–∏–Ω–≥ 2.5 ,https://im.mashina.kg/tachka/images//b/e/9/be9c876a91d7f06989f8cd205dc97da2_640x480.jpg,–û–ø–∏—Å–∞–Ω–∏–µ –æ—Ç—Å—É—Ç—Å—Ç–≤—É–µ—Ç,705,$ 13 500,1 208 790 —Å–æ–º
–ü—Ä–æ–¥–∞–∂–∞ Toyota Camry VI (XV40) –†–µ—Å—Ç–∞–π–ª–∏–Ω–≥ 3.5 ,https://im.mashina.kg/tachka/images//5/e/8/5e8e13d00e9ec4f1e25d4e03d3d4de5c_640x480.jpg,"–ú–∞—à–∏–Ω–∞ –≤ –∏–¥–µ–∞–ª—å–Ω–æ–º —Å–æ—Å—Ç–æ—è–Ω–∏–∏, –º–∞—Å–ª–∞ –Ω–µ –±–µ—Ä–µ—Ç –æ—Ç —Å–ª–æ–≤–æ —Å–æ–≤—Å–µ–º, –∫–∞—Ä–æ–ø–∫–∞ –ø–µ—Ä–µ–∫–ª—é—á–∞–µ—Ç—å—Å—è –ø–ª–∞–≤–Ω–∞, –ª–∞–º–ø—ã —Å—Ç–æ—è—Ç –æ—á–µ–Ω—å –¥–æ—Ä–æ–≥–∏–µ –ª–µ–¥–∏, –≤ –î–¢–ü –Ω–µ –±—ã–ª–æ –≤–æ–æ–±—â–µ, –º–Ω–æ–≥–æ –¥–µ–Ω–µ–≥ –≤–ª–æ–∂–µ–Ω–æ, –±–µ–∑ –∫–ª—é—á–µ–≤–æ–π –¥–æ—Å—Ç—É–ø (—Å—Ç–∞—Ä-—Å—Ç–æ—Ä), –∑–∞–¥–Ω–∏–π –∫–∞–º–µ—Ä–∞, —Ä–µ–∑–∏–Ω–∞ –Ω–æ–≤–∞—è, –ª—é–±—ã–µ –ø—Ä–æ–≤–µ—Ä–∫–∏ –ø—Ä–∏–≤–µ—Ç—Å—Ç–≤—É–µ—Ç—Å—è‚Ä¶ —Ç–æ—Ä–≥ —É –∫–∞–ø–æ—Ç–∞.—Å—Ä–æ—á–Ω–æ —Å—Ä–æ—á–Ω–æ —Ü–µ–Ω–∞ –Ω–∞ –ø–∞—Ä—É –¥–Ω–µ–π ",960,$ 12 500,1 119 250 —Å–æ–º
